name,website,category,country,founded,linkedin_employees,ships_international,hires_remotely,hiring_manager_on_linkedin,recent_job_postings,careers_page,social_media,revenue_last_fy,legitimacy_notes,meets_strict_criteria,data_confidence,base_url,product_count,product_count_method,has_physical_or_retailer_signal,retailer_keyword_hits,store_keyword_hits,notes_retailer_hits,has_linkedin_presence,has_careers_page,has_linkedin_or_careers,linkedin_evidence,careers_evidence,exclusion_reason,inclusion_confidence,passes_filter
& Other Stories,https://www.stories.com,Clothing,Sweden,2013,Unknown,Yes,Unknown,Unknown,Unknown,Unknown,IG @andotherstories,Large H&M Group,Not indie small team,No,medium,https://www.stories.com,,not_shopify_or_blocked:403,No,,,,No,No,No,,,no_linkedin_or_careers_page; product_count_unknown_not_shopify_or_blocked,exclude,No
&Daughter,https://and-daughter.com,Clothing,UK,Unknown,Unknown,Yes,Unknown,Unknown,Unknown,Unknown,Instagram @anddaughter,Unknown,UK knitwear (ELLE Brit brands); Scottish/Irish yarn makers; British family knitwear,No,medium,https://and-daughter.com,,not_shopify_or_blocked:429,No,,,,No,No,No,,,no_linkedin_or_careers_page; product_count_unknown_not_shopify_or_blocked,exclude,No
900.care,https://900.care,Beauty,France,2019,Unknown,Yes,Unknown,Unknown,Unknown,Unknown,Unknown,Raised $34.7M (Tracxn),French refill beauty,Partial,medium,https://900.care,,not_shopify_or_blocked:404,No,,,,No,No,No,,,no_linkedin_or_careers_page; product_count_unknown_not_shopify_or_blocked,exclude,No
Aab Collection,https://www.aabcollection.com,Clothing,UK,2007,Unknown,Yes,Unknown,Unknown,Unknown,Unknown,Instagram @aabcollection,Not disclosed,Founder Nazmin Alim; London modest fashion,No,medium,https://www.aabcollection.com,,not_shopify_or_blocked:429,No,,,,No,No,No,,,no_linkedin_or_careers_page; product_count_unknown_not_shopify_or_blocked,exclude,No
Aarabhi London,https://aarabhi.com,Clothing,UK,2017,Unknown,Unknown,Unknown,Unknown,Unknown,Unknown,Unknown,Not disclosed,Founder Aarabhi Shah; UK contemporary womenswear,No,medium,https://aarabhi.com,,not_shopify_or_blocked:0,No,,,,No,No,No,,,no_linkedin_or_careers_page; product_count_unknown_not_shopify_or_blocked,exclude,No
AbayaButh,https://abayabuth.com,Clothing,UK,2014,Unknown,Yes,Unknown,Unknown,Unknown,Unknown,Unknown,Not disclosed,Founder Shazia Buth; London modest fashion,No,medium,https://abayabuth.com,,not_shopify_or_blocked:429,No,,,,No,No,No,,,no_linkedin_or_careers_page; product_count_unknown_not_shopify_or_blocked,exclude,No
Absolution,https://www.absolution-cosmetics.com,Beauty,France,2009,Unknown,Yes,Unknown,Unknown,Unknown,Unknown,Unknown,Unknown,Organic French skincare (older),No,medium,https://www.absolution-cosmetics.com,,not_shopify_or_blocked:429,No,,,,No,No,No,,,no_linkedin_or_careers_page; product_count_unknown_not_shopify_or_blocked,exclude,No
Adanola,https://adanola.com,Clothing,UK,2019,Unknown,Yes,Unknown,Unknown,Unknown,Unknown,IG @adanola,Unknown,Drapers Buzz Brand 2025; activewear,Partial,medium,https://adanola.com,500,shopify_products.json capped_at_5000,No,,,,No,No,No,,,no_linkedin_or_careers_page,exclude,No
ADKN,https://adkn.co.uk,Clothing,UK,2016,Unknown,Unknown,Unknown,Unknown,Unknown,Unknown,Unknown,Not disclosed,Founder Neha Hasan; 100% animal-free made in London,No,medium,https://adkn.co.uk,,not_shopify_or_blocked:429,No,,,,No,No,No,,,no_linkedin_or_careers_page; product_count_unknown_not_shopify_or_blocked,exclude,No
AINMHÍ,https://ainmhi.com,Beauty,Ireland,2022,Unknown,Yes,Unknown,Unknown,Unknown,Unknown,Instagram @ainmhi,Unknown,Kenmare barrier-repair skincare by chemist Sarah Farrar.,Yes,medium,https://ainmhi.com,,not_shopify_or_blocked:429,No,,,,No,No,No,,,no_linkedin_or_careers_page; product_count_unknown_not_shopify_or_blocked,exclude,No
Air & Grace,https://airandgracelondon.com,Shoes,UK,Unknown,Unknown,Partial,Unknown,Unknown,Unknown,Unknown,Unknown,Unknown,Women comfort fashion shoes London,Unknown,medium,https://airandgracelondon.com,,not_shopify_or_blocked:429,No,,,,No,No,No,,,no_linkedin_or_careers_page; product_count_unknown_not_shopify_or_blocked,exclude,No
AKYN,https://akyn.com,Clothing,UK,2024-2025,Unknown,Unknown,Unknown,Yes,Unknown,Unknown,Unknown,Unknown,Amy Powney regenerative womenswear,Partial,medium,https://akyn.com,143,shopify_products.json pages=1,No,,,,Yes,No,Yes,hiring_manager_on_linkedin=Yes,,,medium,Yes
Albaray,https://albaray.co.uk,Clothing,UK,2021,8,Unknown,Unknown,Yes,1 active posting noted on LinkedIn company data,Unknown,LinkedIn albaray; Instagram @albaray,Not disclosed,"Co-founders Paula Stewart, Karen Peacock, Kirstie Di Stazio",Yes,medium,https://albaray.co.uk,835,shopify_products.json pages=4,No,,,,Yes,No,Yes,linkedin_employees=8; hiring_manager_on_linkedin=Yes,,,medium,Yes
Alfie Paris,https://alfieparis.com,Clothing,France,Unknown,Unknown,Unknown,Unknown,Unknown,Unknown,Unknown,Unknown,Unknown,RUSSH French it-girl list,Unknown,low,https://alfieparis.com,,not_shopify_or_blocked:429,No,,,,No,No,No,,,no_linkedin_or_careers_page; product_count_unknown_not_shopify_or_blocked,exclude,No
ALIANAz,https://alianaz.com,Beauty,UK,2020,8,Unknown,Unknown,Unknown,Unknown,Unknown,Unknown,£642k turnover 2023 (press),Maidenhead dissolvable powder beauty,Partial,medium,https://alianaz.com,,not_shopify_or_blocked:0,No,,,,Yes,No,Yes,linkedin_employees=8,,product_count_unknown_not_shopify_or_blocked,exclude,No
Alighieri,https://alighieri.co.uk,Mixed,UK,2014,Unknown,Yes,Unknown,Yes,Unknown,Unknown,Instagram @alighierijewellery,Not disclosed,Founder Rosh Mahtani; Hatton Garden jewellery,No,medium,https://alighieri.co.uk,,not_shopify_or_blocked:0,No,,,,Yes,No,Yes,hiring_manager_on_linkedin=Yes,,product_count_unknown_not_shopify_or_blocked,exclude,No
Aligne,https://aligne.co,Clothing,UK,2020,17,Yes,Unknown,Yes,Unknown,Unknown,IG @aligne,Unknown,Well-known UK DTC; viral Daphne blazer; East London female-led womenswear; founder Dalbir Bains (press),Partial,medium,https://aligne.co,290,shopify_products.json pages=2,No,,,,Yes,No,Yes,linkedin_employees=17; hiring_manager_on_linkedin=Yes,,,medium,Yes
Allies of Skin,https://alliesofskin.com,Beauty,Germany/Singapore,2013,Unknown,Yes,Unknown,Unknown,Unknown,Unknown,IG @alliesofskin,Series B reported,Berlin HQ mention (Tracxn),No,medium,https://alliesofskin.com,,not_shopify_or_blocked:429,No,,,,No,No,No,,,no_linkedin_or_careers_page; product_count_unknown_not_shopify_or_blocked,exclude,No
Allkind,https://allkind.co.uk,Shoes,UK,2020,Unknown,Yes,Unknown,Unknown,Unknown,Unknown,Instagram @allkind,Unknown,British vegan footwear; handmade in Spain.,Yes,medium,https://allkind.co.uk,,not_shopify_or_blocked:404,No,,,,No,No,No,,,no_linkedin_or_careers_page; product_count_unknown_not_shopify_or_blocked,exclude,No
ALMA Capsule Collections,https://almacapsule.com,Clothing,Portugal,2021,Unknown,Partial,Unknown,Unknown,Unknown,Unknown,Unknown,Unknown,Portuguese sustainable capsule womenswear.,Yes,medium,https://almacapsule.com,,not_shopify_or_blocked:429,No,,,,No,No,No,,,no_linkedin_or_careers_page; product_count_unknown_not_shopify_or_blocked,exclude,No
Almada Label,https://armadlabel.com,Clothing,Denmark/Intl,Unknown,Unknown,Unknown,Unknown,Unknown,Unknown,Unknown,Unknown,Unknown,WWW female-founded (verify spelling/site),Unknown,low,https://armadlabel.com,,not_shopify_or_blocked:0,No,,,,No,No,No,,,no_linkedin_or_careers_page; product_count_unknown_not_shopify_or_blocked,exclude,No
Amande C,https://amande-c.com,Clothing,France,2019,Unknown,Partial,Unknown,Unknown,Unknown,Unknown,Unknown,Unknown,Eco womenswear made near Lyon.,Yes,medium,https://amande-c.com,,not_shopify_or_blocked:404,No,,,,No,No,No,,,no_linkedin_or_careers_page; product_count_unknown_not_shopify_or_blocked,exclude,No
Amy Lynn,https://amylynn.co.uk,Clothing,UK,2010,Unknown,Yes,Unknown,Unknown,Unknown,Unknown,Instagram @amylynnlondon,Not disclosed,Sisters Amy & Lynn Yao; Selfridges stocked,No,medium,https://amylynn.co.uk,,not_shopify_or_blocked:429,Yes,,,selfridges,No,No,No,,,no_linkedin_or_careers_page; physical_store_or_other_retailer_signal; product_count_unknown_not_shopify_or_blocked,exclude,No
Anekdot,https://anekdot.com,Clothing,Germany,Unknown,Unknown,Unknown,Unknown,Unknown,Unknown,Unknown,Unknown,Unknown,German sustainable,Unknown,low,https://anekdot.com,,invalid_json,No,,,,No,No,No,,,no_linkedin_or_careers_page; product_count_unknown_not_shopify_or_blocked,exclude,No
Angela Friedman,https://angelafriedman.com,Clothing,UK,2009,Unknown,Yes,Unknown,Unknown,Unknown,Unknown,Instagram @angelafriedman,Not disclosed,London luxury lingerie; English atelier,No,medium,https://angelafriedman.com,,not_shopify_or_blocked:429,No,,,,No,No,No,,,no_linkedin_or_careers_page; product_count_unknown_not_shopify_or_blocked,exclude,No
Anna October,https://annaoctober.com,Clothing,Ukraine/EU,Unknown,Unknown,Yes,Unknown,Unknown,Unknown,Unknown,IG @annaoctober,Unknown,WWW list; ships EU,Unknown,medium,https://annaoctober.com,,not_shopify_or_blocked:429,No,,,,No,No,No,,,no_linkedin_or_careers_page; product_count_unknown_not_shopify_or_blocked,exclude,No
AOIFE Lifestyle,https://aoifelifestyle.com,Clothing,Ireland,2014,Unknown,Yes,Unknown,Unknown,Unknown,Unknown,Unknown,Unknown,Circular luxury deadstock fabrics Ireland,No,medium,https://aoifelifestyle.com,43,shopify_products.json pages=1,No,,,,No,No,No,,,no_linkedin_or_careers_page,exclude,No
Aoife McNamara,https://aoifemcnamara.com,Clothing,Ireland,2019,Unknown,Unknown,Unknown,Yes,Unknown,Unknown,Unknown,Unknown,Ireland first B Corp fashion brand,Partial,medium,https://aoifemcnamara.com,51,shopify_products.json pages=1,Yes,flagship store,flagship store,,Yes,No,Yes,hiring_manager_on_linkedin=Yes,,physical_store_or_other_retailer_signal,exclude,No
Arber Studio,https://www.arberstudio.com,Clothing,Netherlands,2020,Unknown,Partial,Unknown,Unknown,Unknown,Unknown,Unknown,Unknown,Amsterdam made-to-order blouses.,Yes,medium,https://www.arberstudio.com,,not_shopify_or_blocked:429,No,,,,No,No,No,,,no_linkedin_or_careers_page; product_count_unknown_not_shopify_or_blocked,exclude,No
Arielle Cosmetics Milano,https://ariellecosmeticsmilano.it,Beauty,Italy,2020,Unknown,Unknown,Unknown,Unknown,Unknown,Unknown,Instagram @ariellecosmeticsmilano,Unknown,Milan science-led skincare.,Yes,medium,https://ariellecosmeticsmilano.it,,not_shopify_or_blocked:429,No,,,,No,No,No,,,no_linkedin_or_careers_page; product_count_unknown_not_shopify_or_blocked,exclude,No
Armedangels,https://armedangels.com,Clothing,Germany,2007,Unknown,Yes,Unknown,Unknown,Unknown,Unknown,IG @armedangels,Mature brand,German sustainable fashion,No,medium,https://armedangels.com,,not_shopify_or_blocked:429,No,,,,No,No,No,,,no_linkedin_or_careers_page; product_count_unknown_not_shopify_or_blocked,exclude,No
ASHE London,https://ashelondon.com,Beauty,UK,2021,Unknown,Yes,Unknown,Unknown,Unknown,Unknown,Instagram @ashelondon,Unknown,Luxury vegan nail colour brand.,Yes,medium,https://ashelondon.com,,not_shopify_or_blocked:404,No,,,,No,No,No,,,no_linkedin_or_careers_page; product_count_unknown_not_shopify_or_blocked,exclude,No
Asket,https://www.asket.com,Clothing,Sweden,2015,Unknown,Yes,Unknown,Unknown,Unknown,Unknown,Instagram @asket,Unknown,Stockholm permanent-collection clothing.,No,medium,https://www.asket.com,,not_shopify_or_blocked:404,No,,,,No,No,No,,,no_linkedin_or_careers_page; product_count_unknown_not_shopify_or_blocked,exclude,No
Asphalte,https://www.asphalte.com,Clothing,France,2016,Unknown,Partial,Unknown,Unknown,Unknown,Unknown,Instagram @asphalte,Unknown,French pre-order sustainable clothing.,No,medium,https://www.asphalte.com,,not_shopify_or_blocked:404,No,,,,No,No,No,,,no_linkedin_or_careers_page; product_count_unknown_not_shopify_or_blocked,exclude,No
Aspiga,https://aspiga.com,Clothing,UK,2006,Unknown,Yes,Unknown,Unknown,Unknown,Unknown,IG @aspiga,Unknown,B Corp UK (20yrs — older); Founder Lucy Macnamara; London contemporary/ethical womenswear,No,medium,https://aspiga.com,,not_shopify_or_blocked:429,No,,,,No,No,No,,,no_linkedin_or_careers_page; product_count_unknown_not_shopify_or_blocked,exclude,No
Avea,https://avea-life.com,Beauty,Switzerland,2021,Unknown,Yes,Unknown,Unknown,Unknown,Unknown,Unknown,$5M seed reported,Longevity supplements Zug,Partial,medium,https://avea-life.com,,not_shopify_or_blocked:429,No,,,,No,No,No,,,no_linkedin_or_careers_page; product_count_unknown_not_shopify_or_blocked,exclude,No
Avenir,https://avenirberlin.de,Clothing,Germany,2020,Unknown,Unknown,Unknown,Unknown,Unknown,Unknown,Unknown,Unknown,Berlin circular fashion; upcycled Blue Line + eco RTW Red Line.,Yes,medium,https://avenirberlin.de,,not_shopify_or_blocked:429,No,,,,No,No,No,,,no_linkedin_or_careers_page; product_count_unknown_not_shopify_or_blocked,exclude,No
AVENIR Berlin,https://avenir-berlin.com,Clothing,Germany,2020,1-10,Unknown,Unknown,Yes,Unknown,Unknown,LI company/avenir-berlin,Unknown,Circular upcycling fashion Berlin,Partial,medium,https://avenir-berlin.com,,not_shopify_or_blocked:0,No,,,,Yes,No,Yes,linkedin_employees=1-10; hiring_manager_on_linkedin=Yes; LI company/avenir-berlin,,product_count_unknown_not_shopify_or_blocked,exclude,No
Axel Arigato,https://www.axelarigato.com,Shoes,Sweden,2014,Unknown,Yes,Unknown,Unknown,Unknown,Unknown,IG @axelarigato,Unknown,Swedish sneakers (unisex),No,medium,https://www.axelarigato.com,,not_shopify_or_blocked:404,No,,,,No,No,No,,,no_linkedin_or_careers_page; product_count_unknown_not_shopify_or_blocked,exclude,No
AYBL,https://aybl.com,Clothing,UK,2018,Unknown,Yes,Unknown,Unknown,Unknown,Unknown,Instagram @aybl,Not disclosed,Founders Reiss & Kristian Edgerton; Redditch women activewear,No,medium,https://aybl.com,,not_shopify_or_blocked:429,No,,,,No,No,No,,,no_linkedin_or_careers_page; product_count_unknown_not_shopify_or_blocked,exclude,No
Aímée the Label,https://aimeethelabel.nl,Clothing,Netherlands,2019,Unknown,Partial,Unknown,Unknown,Unknown,Unknown,Unknown,Unknown,Dutch slow-fashion webshop.,Yes,medium,https://aimeethelabel.nl,,not_shopify_or_blocked:429,No,,,,No,No,No,,,no_linkedin_or_careers_page; product_count_unknown_not_shopify_or_blocked,exclude,No
Bahé,https://bahe.co,Shoes,UK,Unknown,Unknown,Unknown,Unknown,Unknown,Unknown,Unknown,Unknown,Unknown,UK footwear startup list,Unknown,low,https://bahe.co,,not_shopify_or_blocked:429,No,,,,No,No,No,,,no_linkedin_or_careers_page; product_count_unknown_not_shopify_or_blocked,exclude,No
Banana Beauty,https://www.bananabeauty.de,Beauty,Germany,Unknown,Unknown,Partial,Unknown,Unknown,Unknown,Unknown,Instagram @bananabeauty.official,Unknown,German DTC colour cosmetics.,No,medium,https://www.bananabeauty.de,,not_shopify_or_blocked:429,No,,,,No,No,No,,,no_linkedin_or_careers_page; product_count_unknown_not_shopify_or_blocked,exclude,No
BAR Jewellery,https://barjewellery.com,Mixed,UK,Unknown,Unknown,Unknown,Unknown,Unknown,Unknown,Unknown,Unknown,Not disclosed,British handmade recycled jewellery,No,medium,https://barjewellery.com,,not_shopify_or_blocked:429,No,,,,No,No,No,,,no_linkedin_or_careers_page; product_count_unknown_not_shopify_or_blocked,exclude,No
Bare by Vogue,https://barebyvogue.com,Beauty,Ireland,2019,Unknown,Yes,Unknown,Unknown,Unknown,Unknown,Instagram @barebyvogue,Unknown,Irish self-tan/skincare by Vogue Williams.,Yes,medium,https://barebyvogue.com,,not_shopify_or_blocked:0,No,,,,No,No,No,,,no_linkedin_or_careers_page; product_count_unknown_not_shopify_or_blocked,exclude,No
Bathing Beauty,https://bathingbeauty.co.uk,Beauty,UK,2017,Unknown,Unknown,Unknown,Unknown,Unknown,Unknown,Unknown,Unknown,Wales natural skincare B Corp mention,No,medium,https://bathingbeauty.co.uk,,not_shopify_or_blocked:0,No,,,,No,No,No,,,no_linkedin_or_careers_page; product_count_unknown_not_shopify_or_blocked,exclude,No
Baue,https://www.baue.co.uk,Clothing,UK,Unknown,Unknown,Unknown,Unknown,Unknown,None found,None found,Unknown,Not disclosed,Founder Anna; zero-waste handmade in Ludlow from remnant fabrics,No,medium,https://www.baue.co.uk,,not_shopify_or_blocked:429,No,,,,No,No,No,,,no_linkedin_or_careers_page; product_count_unknown_not_shopify_or_blocked,exclude,No
Baukjen,https://www.baukjen.com,Clothing,UK,2008,Unknown,Yes,Unknown,Unknown,Unknown,Unknown,Instagram @baukjen,Not disclosed,London ethical womenswear,No,medium,https://www.baukjen.com,,not_shopify_or_blocked:429,No,,,,No,No,No,,,no_linkedin_or_careers_page; product_count_unknown_not_shopify_or_blocked,exclude,No
Baum und Pferdgarten,https://baumundpferdgarten.com,Clothing,Denmark,1999,Unknown,Yes,Unknown,Unknown,Unknown,Unknown,Unknown,Unknown,Danish (older),No,medium,https://baumundpferdgarten.com,,not_shopify_or_blocked:429,No,,,,No,No,No,,,no_linkedin_or_careers_page; product_count_unknown_not_shopify_or_blocked,exclude,No
BEAME,https://beamebeauty.com,Beauty,UK,2022,1-10,Yes,Unknown,Yes,Unknown,Unknown,Instagram @beamebeauty,Unknown,London SPF/sun-care; L’Oréal Women in Tech & Beauty Fund.,Yes,medium,https://beamebeauty.com,,not_shopify_or_blocked:0,No,,,,Yes,No,Yes,linkedin_employees=1-10; hiring_manager_on_linkedin=Yes,,product_count_unknown_not_shopify_or_blocked,exclude,No
Beaumont Organic,https://beaumontorganic.com,Clothing,UK,Unknown,Unknown,Unknown,Unknown,Unknown,Unknown,Unknown,Unknown,Not disclosed,Manchester-based ethical natural-fibre clothing,No,medium,https://beaumontorganic.com,,not_shopify_or_blocked:429,No,,,,No,No,No,,,no_linkedin_or_careers_page; product_count_unknown_not_shopify_or_blocked,exclude,No
Beauty Kitchen,https://beautykitchen.co.uk,Beauty,UK,2011,Unknown,Yes,Unknown,Unknown,Unknown,Unknown,Unknown,Unknown,B Corp Scottish beauty,No,medium,https://beautykitchen.co.uk,,not_shopify_or_blocked:429,No,,,,No,No,No,,,no_linkedin_or_careers_page; product_count_unknown_not_shopify_or_blocked,exclude,No
BELB Collection,https://belbcollection.com,Clothing,Portugal,2021,Unknown,Partial,Unknown,Unknown,Unknown,Unknown,Unknown,Unknown,Portuguese limited festive/urban womenswear.,Yes,medium,https://belbcollection.com,197,shopify_products.json pages=1,No,,,,No,No,No,,,no_linkedin_or_careers_page,exclude,No
Beulah London,https://www.beulahlondon.com,Clothing,UK,2011,Unknown,Yes,Unknown,Unknown,Unknown,Unknown,Instagram @beulahlondon,Not disclosed,London ethical luxury feminine clothing,No,medium,https://www.beulahlondon.com,,not_shopify_or_blocked:429,No,,,,No,No,No,,,no_linkedin_or_careers_page; product_count_unknown_not_shopify_or_blocked,exclude,No
Beyond Nine,https://beyondnine.co.uk,Clothing,UK,Unknown,Unknown,Unknown,Unknown,Unknown,Unknown,Unknown,Unknown,Not disclosed,British indie comfortable/adaptable shapes,No,medium,https://beyondnine.co.uk,,not_shopify_or_blocked:429,No,,,,No,No,No,,,no_linkedin_or_careers_page; product_count_unknown_not_shopify_or_blocked,exclude,No
Bik Bok,https://www.bikbok.com,Clothing,Norway,Unknown,Unknown,Yes,Unknown,Unknown,Unknown,Unknown,Unknown,Unknown,Nordic young women fashion,No,medium,https://www.bikbok.com,,not_shopify_or_blocked:403,No,,,,No,No,No,,,no_linkedin_or_careers_page; product_count_unknown_not_shopify_or_blocked,exclude,No
Bikini Bible,https://bikini-bible.com,Clothing,UK,2021,2,Yes,Unknown,Yes,None found,None found,LI company/bikini-bible,Not disclosed,Sustainable swimwear London,No,high,https://bikini-bible.com,102,shopify_products.json pages=1,No,,,,Yes,No,Yes,linkedin_employees=2; hiring_manager_on_linkedin=Yes; LI company/bikini-bible,,,medium,Yes
Biotell,https://biotell.co.uk,Beauty,UK,Unknown,Unknown,Unknown,Unknown,Unknown,Unknown,Unknown,Unknown,Not disclosed,Emerging British beauty brand (C&TH 2026); verify domain,No,medium,https://biotell.co.uk,,invalid_json,No,,,,No,No,No,,,no_linkedin_or_careers_page; product_count_unknown_not_shopify_or_blocked,exclude,No
Blakely Clothing,https://blakelyclothing.com,Clothing,UK,2012,Unknown,Yes,Unknown,Unknown,Unknown,Unknown,Unknown,Not disclosed,London contemporary women's clothing (directory),No,medium,https://blakelyclothing.com,,not_shopify_or_blocked:429,No,,,,No,No,No,,,no_linkedin_or_careers_page; product_count_unknown_not_shopify_or_blocked,exclude,No
Bleach London,https://bleachlondon.com,Beauty,UK,2013,Unknown,Yes,Unknown,Unknown,Unknown,Unknown,IG @bleachlondon,Mature,Hair colour brand; British hair colour brand; vegan credentials; Gen Z cult,No,medium,https://bleachlondon.com,,invalid_json,No,,,,No,No,No,,,no_linkedin_or_careers_page; product_count_unknown_not_shopify_or_blocked,exclude,No
Bluebella,https://www.bluebella.com,Clothing,UK,2010,Unknown,Yes,Unknown,Yes,Unknown,Unknown,Instagram @bluebella,Not disclosed,Founder Emily Bendell; London contemporary lingerie,No,medium,https://www.bluebella.com,1118,shopify_products.json pages=5,No,,,,Yes,No,Yes,hiring_manager_on_linkedin=Yes,,,medium,Yes
Bodyologist,https://bodyologist.com,Beauty,Denmark,Unknown,Unknown,Partial,Unknown,Unknown,Unknown,Unknown,Unknown,Unknown,Danish bodycare DTC.,No,medium,https://bodyologist.com,,invalid_json,No,,,,No,No,No,,,no_linkedin_or_careers_page; product_count_unknown_not_shopify_or_blocked,exclude,No
Boom Butik,https://boombutik.com,Clothing,Denmark,2020,Unknown,Partial,Unknown,Unknown,Unknown,Unknown,Instagram @boombutik,~$8.4M in 2024 (press),Copenhagen sweatpants/basics; stores CPH/Stockholm.,Yes,medium,https://boombutik.com,32,shopify_products.json pages=1,No,,,,No,No,No,,,no_linkedin_or_careers_page,exclude,No
Bouclème,https://boucleme.co.uk,Beauty,UK,2017,Unknown,Yes,Unknown,Unknown,Unknown,Unknown,IG @boucleme,Unknown,UK curl care; Founder Michele Scott-Lynch; curly haircare; UK formulated,No,medium,https://boucleme.co.uk,,not_shopify_or_blocked:429,No,,,,No,No,No,,,no_linkedin_or_careers_page; product_count_unknown_not_shopify_or_blocked,exclude,No
Bróg,https://brog.ie,Shoes,Ireland,2023,Unknown,Yes,Unknown,Unknown,Unknown,Unknown,Instagram @brog,Unknown,Irish ethical luxury women’s shoes; Drapers Best New Brand nominee.,Yes,medium,https://brog.ie,,not_shopify_or_blocked:429,No,,,,No,No,No,,,no_linkedin_or_careers_page; product_count_unknown_not_shopify_or_blocked,exclude,No
By Malene Birger,https://www.bymalenebirger.com,Clothing,Denmark,2003,Unknown,Yes,Unknown,Unknown,Unknown,Unknown,Unknown,Unknown,Danish contemporary,No,medium,https://www.bymalenebirger.com,,invalid_json,No,,,,No,No,No,,,no_linkedin_or_careers_page; product_count_unknown_not_shopify_or_blocked,exclude,No
By Sarah,https://bysarahskin.com,Beauty,UK,Unknown,Unknown,Unknown,Unknown,Unknown,Unknown,Unknown,Unknown,Unknown,Sensitive skincare UK,Unknown,low,https://bysarahskin.com,,not_shopify_or_blocked:0,No,,,,No,No,No,,,no_linkedin_or_careers_page; product_count_unknown_not_shopify_or_blocked,exclude,No
By Sarah London,https://www.bysarah.com,Beauty,UK,Unknown,Unknown,Unknown,Unknown,Unknown,Unknown,Unknown,Unknown,Not disclosed,Sisters Sarah & Lauren; UK developed/manufactured skincare; verify domain,No,medium,https://www.bysarah.com,,not_shopify_or_blocked:404,No,,,,No,No,No,,,no_linkedin_or_careers_page; product_count_unknown_not_shopify_or_blocked,exclude,No
Byoma,https://byoma.com,Beauty,UK,2022,Unknown,Yes,Unknown,Yes,Unknown,Unknown,IG/TikTok @byoma,High growth (viral UK),Glasgow barrier skincare; Boots; Founder Marc Elrick; Glasgow; barrier skincare; Boots stocked,Partial,medium,https://byoma.com,56,shopify_products.json pages=1,Yes,,,boots,Yes,No,Yes,hiring_manager_on_linkedin=Yes,,physical_store_or_other_retailer_signal,exclude,No
Bánór,https://banor.ie,Beauty,Ireland,2022,Unknown,Unknown,Unknown,Unknown,Unknown,Unknown,Unknown,Unknown,Tipperary sheep-milk bodycare.,Yes,medium,https://banor.ie,,not_shopify_or_blocked:429,No,,,,No,No,No,,,no_linkedin_or_careers_page; product_count_unknown_not_shopify_or_blocked,exclude,No
CAIA Cosmetics,https://caiacosmetics.com,Beauty,Sweden,2018,Unknown,Yes,Unknown,Unknown,Unknown,Unknown,Instagram @caiacosmetics,Previously cited ~$40M,Stockholm influencer-led DTC makeup.,No,medium,https://caiacosmetics.com,,not_shopify_or_blocked:404,No,,,,No,No,No,,,no_linkedin_or_careers_page; product_count_unknown_not_shopify_or_blocked,exclude,No
Calla Shoes,https://callashoes.co.uk,Shoes,UK,2016,5,Yes,Unknown,Yes,Unknown,Unknown,Instagram @callashoes,Unknown,UK bunion/wide-fit footwear; ~5 employees.,No,medium,https://callashoes.co.uk,168,shopify_products.json pages=1,Yes,boots,,,Yes,No,Yes,linkedin_employees=5; hiring_manager_on_linkedin=Yes,,physical_store_or_other_retailer_signal,exclude,No
Calm Amongst the Chaos,https://calmamongstthechaos.co.uk,Clothing,UK,Unknown,Unknown,Unknown,Unknown,Unknown,None found,None found,Unknown,Not disclosed,British indie; made-to-order natural fabrics,No,medium,https://calmamongstthechaos.co.uk,,not_shopify_or_blocked:429,No,,,,No,No,No,,,no_linkedin_or_careers_page; product_count_unknown_not_shopify_or_blocked,exclude,No
Camilla Elphick,https://camillaelphick.com,Shoes,UK,2014,Unknown,Unknown,Unknown,Unknown,Unknown,Unknown,Instagram @camillaelphick,Not disclosed,Shoreditch-started British footwear; all-female team reported,No,medium,https://camillaelphick.com,,not_shopify_or_blocked:404,No,,,,No,No,No,,,no_linkedin_or_careers_page; product_count_unknown_not_shopify_or_blocked,exclude,No
Carbon Theory,https://carbontheory.com,Beauty,UK,Unknown,Unknown,Yes,Unknown,Unknown,Unknown,Unknown,Instagram @carbontheory,Not disclosed,UK charcoal/tea tree skincare DTC,No,medium,https://carbontheory.com,,not_shopify_or_blocked:429,No,,,,No,No,No,,,no_linkedin_or_careers_page; product_count_unknown_not_shopify_or_blocked,exclude,No
Casa Raki,https://casaraki.com,Mixed,UK,Unknown,Unknown,Unknown,Unknown,Unknown,Unknown,Unknown,Unknown,Not disclosed,London-based; made in Portugal; linen/swim,No,medium,https://casaraki.com,,not_shopify_or_blocked:429,No,,,,No,No,No,,,no_linkedin_or_careers_page; product_count_unknown_not_shopify_or_blocked,exclude,No
Casablanca / Caspar the Label,https://casparthelabel.com,Clothing,UK,Unknown,Unknown,Unknown,Unknown,Unknown,Unknown,Unknown,Unknown,Unknown,Emerging London (WWW 2026) — verify site,Unknown,low,https://casparthelabel.com,,not_shopify_or_blocked:404,No,,,,No,No,No,,,no_linkedin_or_careers_page; product_count_unknown_not_shopify_or_blocked,exclude,No
Cawley Studio,https://cawley.studio,Clothing,UK,Unknown,Unknown,Unknown,Unknown,Unknown,Unknown,Unknown,Instagram @cawleystudio,Not disclosed,Founder Hannah Cawley; designed and made in UK,No,medium,https://cawley.studio,,invalid_json,No,,,,No,No,No,,,no_linkedin_or_careers_page; product_count_unknown_not_shopify_or_blocked,exclude,No
Charl,https://charl.uk,Clothing,UK,Unknown,Unknown,Unknown,Unknown,Unknown,Unknown,Unknown,Unknown,Not disclosed,Founder Frankie Davies (ex-Burberry); British-made knitwear,No,medium,https://charl.uk,,not_shopify_or_blocked:0,No,,,,No,No,No,,,no_linkedin_or_careers_page; product_count_unknown_not_shopify_or_blocked,exclude,No
Charlotte Mensah,https://charlottemensah.com,Beauty,UK,Unknown,Unknown,Unknown,Unknown,Unknown,Unknown,Unknown,Instagram @charlottemensah,Not disclosed,UK Manketti Oil haircare; Afro/mixed/curly focus,No,medium,https://charlottemensah.com,,not_shopify_or_blocked:404,No,,,,No,No,No,,,no_linkedin_or_careers_page; product_count_unknown_not_shopify_or_blocked,exclude,No
Chet Lo,https://chetlo.com,Clothing,UK,Unknown,Unknown,Unknown,Unknown,Yes,Unknown,Unknown,IG @chetlo,Unknown,Designer brand London,Unknown,medium,https://chetlo.com,,not_shopify_or_blocked:404,No,,,,Yes,No,Yes,hiring_manager_on_linkedin=Yes,,product_count_unknown_not_shopify_or_blocked,exclude,No
Chopova Lowena,https://chopovalowena.com,Clothing,UK,2017,Unknown,Unknown,Unknown,Unknown,Unknown,Unknown,IG @chopovalowena,Unknown,London designer,No,medium,https://chopovalowena.com,,not_shopify_or_blocked:429,No,,,,No,No,No,,,no_linkedin_or_careers_page; product_count_unknown_not_shopify_or_blocked,exclude,No
Cinta The Label,https://cintathelabel.com,Clothing,UK,Unknown,Unknown,Unknown,Unknown,Unknown,Unknown,Unknown,IG @cintathelabel,Unknown,UK knitwear; Amy Sturgis,Unknown,medium,https://cintathelabel.com,,not_shopify_or_blocked:0,No,,,,No,No,No,,,no_linkedin_or_careers_page; product_count_unknown_not_shopify_or_blocked,exclude,No
Clover London,https://www.clover.london,Clothing,UK,2021,Unknown,Yes,Unknown,Unknown,Unknown,Unknown,Instagram @cloverlondon,Not disclosed,Founder Aba Amuquandoh; occasionwear; verify exact domain,No,medium,https://www.clover.london,,not_shopify_or_blocked:0,No,,,,No,No,No,,,no_linkedin_or_careers_page; product_count_unknown_not_shopify_or_blocked,exclude,No
Clòimh,https://cloimh.com,Clothing,Unknown,2025?,Unknown,Unknown,Unknown,Unknown,Unknown,Unknown,Unknown,Unknown,WWW Gen Z list,Unknown,low,https://cloimh.com,,not_shopify_or_blocked:429,No,,,,No,No,No,,,no_linkedin_or_careers_page; product_count_unknown_not_shopify_or_blocked,exclude,No
Comme Ça Skincare,https://commecaskincare.com,Beauty,Netherlands,Unknown,Unknown,Unknown,Unknown,Unknown,Unknown,Unknown,Unknown,Unknown,Dutch indie skincare mention,Unknown,low,https://commecaskincare.com,,not_shopify_or_blocked:429,No,,,,No,No,No,,,no_linkedin_or_careers_page; product_count_unknown_not_shopify_or_blocked,exclude,No
Community Clothing,https://communityclothing.co.uk,Clothing,UK,2016,Unknown,Unknown,Unknown,Yes,Unknown,Unknown,Instagram @communityclothing,Not disclosed,Founder Patrick Grant; UK factory revival staples,No,medium,https://communityclothing.co.uk,877,shopify_products.json pages=4,Yes,wholesale,,,Yes,No,Yes,hiring_manager_on_linkedin=Yes,,physical_store_or_other_retailer_signal,exclude,No
Completedworks,https://completedworks.com,Mixed,UK,Unknown,Unknown,Yes,Unknown,Unknown,Unknown,Unknown,Instagram @completedworks,Not disclosed,London sculptural jewellery DTC indie,No,medium,https://completedworks.com,,not_shopify_or_blocked:429,No,,,,No,No,No,,,no_linkedin_or_careers_page; product_count_unknown_not_shopify_or_blocked,exclude,No
Conner Ives,https://connerives.com,Clothing,UK,Unknown,Unknown,Unknown,Unknown,Unknown,Unknown,Unknown,IG @connerives,Unknown,Emerging London,Unknown,medium,https://connerives.com,,not_shopify_or_blocked:429,No,,,,No,No,No,,,no_linkedin_or_careers_page; product_count_unknown_not_shopify_or_blocked,exclude,No
Contur,https://conturuk.com,Clothing,UK,2019,1,Unknown,Unknown,Unknown,None found,None found,Instagram @conturuk; LinkedIn conturuk,Not disclosed,Manchester/Stockport sustainable activewear; ECONYL,No,medium,https://conturuk.com,,not_shopify_or_blocked:0,No,,,,Yes,No,Yes,linkedin_employees=1,,product_count_unknown_not_shopify_or_blocked,exclude,No
Copenhagen Studios,https://copenhagenstudios.com,Shoes,Denmark,Unknown,Unknown,Yes,Unknown,Unknown,Unknown,Unknown,Unknown,Unknown,Danish footwear,Unknown,medium,https://copenhagenstudios.com,,invalid_json,No,,,,No,No,No,,,no_linkedin_or_careers_page; product_count_unknown_not_shopify_or_blocked,exclude,No
Cosmic Brushes,https://cosmicbrushes.co.uk,Beauty,UK,Unknown,Unknown,Yes,Unknown,Unknown,Unknown,Unknown,Instagram @cosmicbrushes,Unknown,UK indie vegan makeup tools/brushes.; UK indie alternative makeup (by Fay); verify domain,No,medium,https://cosmicbrushes.co.uk,,not_shopify_or_blocked:429,No,,,,No,No,No,,,no_linkedin_or_careers_page; product_count_unknown_not_shopify_or_blocked,exclude,No
Cou Cou Intimates,https://coucouintimates.com,Clothing,UK,2021,19,Yes,Unknown,Yes,Unknown,Unknown,LinkedIn cou-cou-intimates; Instagram @coucouintimates,Unknown,UK intimates emerging; Founder Rose Colcord; organic cotton intimates; London-based,Yes,medium,https://coucouintimates.com,248,shopify_products.json pages=1,Yes,stockists,,,Yes,No,Yes,linkedin_employees=19; hiring_manager_on_linkedin=Yes,,physical_store_or_other_retailer_signal,exclude,No
Cubus,https://www.cubus.com,Clothing,Norway,Unknown,Unknown,Yes,Unknown,Unknown,Unknown,Unknown,Unknown,Unknown,Nordic fashion chain,No,medium,https://www.cubus.com,,not_shopify_or_blocked:404,No,,,,No,No,No,,,no_linkedin_or_careers_page; product_count_unknown_not_shopify_or_blocked,exclude,No
Cult Mia,https://cultmia.com,Mixed,UK,Unknown,Unknown,Yes,Unknown,Unknown,Unknown,Unknown,IG @cultmia,Unknown,Curated fashion marketplace/retail,Unknown,medium,https://cultmia.com,5000,shopify_products.json capped_at_5000,No,,,,No,No,No,,,no_linkedin_or_careers_page,exclude,No
Curated Beauty London,https://curatedbeautylondon.com,Beauty,UK,2025,Unknown,Unknown,Unknown,Unknown,Unknown,Unknown,Unknown,Unknown,New UK wellness-led beauty DTC + TikTok Shop 2025.,Yes,medium,https://curatedbeautylondon.com,,not_shopify_or_blocked:0,No,,,,No,No,No,,,no_linkedin_or_careers_page; product_count_unknown_not_shopify_or_blocked,exclude,No
Currentbody,https://www.currentbody.com,Beauty,UK,2009,Unknown,Yes,Unknown,Unknown,Unknown,Unknown,Unknown,Unknown,Beauty devices retailer (older),No,medium,https://www.currentbody.com,,not_shopify_or_blocked:429,No,,,,No,No,No,,,no_linkedin_or_careers_page; product_count_unknown_not_shopify_or_blocked,exclude,No
CYME Copenhagen,https://cymecopenhagen.com,Clothing,Denmark,Unknown,Unknown,Yes,Unknown,Unknown,Unknown,Unknown,Unknown,Unknown,Danish high-end timeless womenswear.,No,medium,https://cymecopenhagen.com,,not_shopify_or_blocked:429,No,,,,No,No,No,,,no_linkedin_or_careers_page; product_count_unknown_not_shopify_or_blocked,exclude,No
DAME,https://wearedame.co,Beauty,UK,2017,Unknown,Yes,Unknown,Unknown,Unknown,Unknown,IG @wearedame,Unknown,Period care / beauty adjacent B Corp,No,medium,https://wearedame.co,,not_shopify_or_blocked:429,No,,,,No,No,No,,,no_linkedin_or_careers_page; product_count_unknown_not_shopify_or_blocked,exclude,No
Damson Madder,https://damsonmadder.com,Clothing,UK,2020,50-60,Yes,Unknown,Yes,Unknown,Unknown,IG @damsonmadder,GBP 19m (2024) / on track GBP 31m FY2025 (Vogue Business),Sustainable UK indie; major press coverage; Active; Selfridges permanent space; wholesale END./Nordstrom/Revolve,Partial,medium,https://damsonmadder.com,328,shopify_products.json pages=2,Yes,wholesale,,nordstrom; permanent space; revolve; selfridges; wholesale,Yes,No,Yes,linkedin_employees=50-60; hiring_manager_on_linkedin=Yes,,physical_store_or_other_retailer_signal,exclude,No
Dancing Leopard,https://dancingleopard.co.uk,Clothing,UK,2009,Unknown,Yes,Unknown,Unknown,Unknown,Unknown,Instagram @dancingleopard,Unknown,UK womenswear ecommerce; Founder Jade Crocker; London playful print womenswear,No,medium,https://dancingleopard.co.uk,250,shopify_products.json capped_at_5000,No,,,,No,No,No,,,no_linkedin_or_careers_page,exclude,No
Dawn Denim,https://dawndenim.com,Clothing,Germany,Unknown,Unknown,Unknown,Unknown,Unknown,Unknown,Unknown,Unknown,Unknown,German sustainable denim,Unknown,low,https://dawndenim.com,,not_shopify_or_blocked:429,No,,,,No,No,No,,,no_linkedin_or_careers_page; product_count_unknown_not_shopify_or_blocked,exclude,No
DCYPHER,https://dcypher.com,Beauty,UK,2021,Unknown,Yes,Unknown,Unknown,Unknown,Unknown,Instagram @dcypherbeauty,Unknown,UK AI custom-blend foundation/concealer.,Yes,medium,https://dcypher.com,,not_shopify_or_blocked:404,No,,,,No,No,No,,,no_linkedin_or_careers_page; product_count_unknown_not_shopify_or_blocked,exclude,No
Dear Frances,https://dearfrances.com,Shoes,UK,2013,Unknown,Yes,Unknown,Unknown,Unknown,Unknown,IG @dearfrances,Unknown,Minimal luxury footwear,No,medium,https://dearfrances.com,,not_shopify_or_blocked:429,No,,,,No,No,No,,,no_linkedin_or_careers_page; product_count_unknown_not_shopify_or_blocked,exclude,No
Debute,https://debute.co.uk,Clothing,UK,2024,6,Unknown,Unknown,Yes,Unknown,Unknown,LinkedIn debute,Unknown,ELLE Brit brands; LinkedIn lists Jazola Limited; founders Lola Bute & Jazzy De Lisser; London HQ,Yes,low,https://debute.co.uk,33,shopify_products.json pages=1,No,,,,Yes,No,Yes,linkedin_employees=6; hiring_manager_on_linkedin=Yes,,,medium,Yes
Deciem / The Ordinary,https://deciem.com,Beauty,UK/Canada,2013,Unknown,Yes,Unknown,Unknown,Unknown,Unknown,IG @theordinary,Large scale,Science skincare (mature),No,medium,https://deciem.com,,not_shopify_or_blocked:429,No,,,,No,No,No,,,no_linkedin_or_careers_page; product_count_unknown_not_shopify_or_blocked,exclude,No
Deidei,https://deidei.co,Clothing,UK,Unknown,Unknown,Unknown,Unknown,Unknown,Unknown,Unknown,Unknown,Unknown,WWW female-founded list,Unknown,low,https://deidei.co,,not_shopify_or_blocked:429,No,,,,No,No,No,,,no_linkedin_or_careers_page; product_count_unknown_not_shopify_or_blocked,exclude,No
Delhicious,https://delhiciousbody.com,Beauty,UK,2020,10,Yes,Unknown,Unknown,Unknown,Unknown,Instagram @delhiciousbody,Unknown,Ayurvedic-inspired skin/haircare; ~10-person team.,Yes,medium,https://delhiciousbody.com,37,shopify_products.json pages=1,Yes,stockist; store locator,store locator,,Yes,No,Yes,linkedin_employees=10,,physical_store_or_other_retailer_signal,exclude,No
Designers Remix,https://designersremix.com,Clothing,Denmark,Unknown,Unknown,Unknown,Unknown,Unknown,Unknown,Unknown,Unknown,Unknown,Danish womenswear,Unknown,low,https://designersremix.com,,not_shopify_or_blocked:429,No,,,,No,No,No,,,no_linkedin_or_careers_page; product_count_unknown_not_shopify_or_blocked,exclude,No
Desmond & Dempsey,https://desmondanddempsey.com,Clothing,UK,2014,Unknown,Yes,Unknown,Unknown,Unknown,Unknown,Instagram @desmondanddempsey,Not disclosed,London luxury sleepwear/loungewear,No,medium,https://desmondanddempsey.com,,not_shopify_or_blocked:429,No,,,,No,No,No,,,no_linkedin_or_careers_page; product_count_unknown_not_shopify_or_blocked,exclude,No
Dewey Clothing,https://deweyclothing.com,Clothing,UK,Unknown,Unknown,Unknown,Unknown,Yes,Unknown,Unknown,Unknown,Unknown,Chamiah Dewey founder,Unknown,low,https://deweyclothing.com,22,shopify_products.json pages=1,No,,,,Yes,No,Yes,hiring_manager_on_linkedin=Yes,,product_count_22_not_over_30,exclude,No
DI-VSN,https://di-vsn.com,Clothing,UK,2018,Unknown,Yes,Unknown,Unknown,Unknown,Unknown,Unknown,Not disclosed,London contemporary label (directory Est. 2018); verify domain,No,medium,https://di-vsn.com,,not_shopify_or_blocked:429,No,,,,No,No,No,,,no_linkedin_or_careers_page; product_count_unknown_not_shopify_or_blocked,exclude,No
Disruptor London,https://disruptorlondon.com,Beauty,UK,Unknown,Unknown,Unknown,Unknown,Unknown,Unknown,Unknown,Unknown,Unknown,UK indie beauty mention,Unknown,low,https://disruptorlondon.com,,not_shopify_or_blocked:0,No,,,,No,No,No,,,no_linkedin_or_careers_page; product_count_unknown_not_shopify_or_blocked,exclude,No
Dorilou,https://dorilou.com,Clothing,Belgium,Unknown,Unknown,Unknown,Unknown,Unknown,Unknown,Unknown,Unknown,Unknown,Belgium genderless sustainable label.,No,medium,https://dorilou.com,,not_shopify_or_blocked:429,No,,,,No,No,No,,,no_linkedin_or_careers_page; product_count_unknown_not_shopify_or_blocked,exclude,No
Dot and Above,https://www.dotandabove.com,Clothing,UK,2019,Unknown,Unknown,Unknown,Unknown,None found,None found,Unknown,Not disclosed,Made in London sustainable womenswear; launched 2019,No,medium,https://www.dotandabove.com,,not_shopify_or_blocked:404,No,,,,No,No,No,,,no_linkedin_or_careers_page; product_count_unknown_not_shopify_or_blocked,exclude,No
Dr Somji Pro-Active Skincare,https://drsomjiskincare.com,Beauty,UK,2023,2,Unknown,Unknown,Yes,None found,None found,LI company/dr-somji-pro-active-skincare,Not disclosed,Medical-grade UK skincare,No,high,https://drsomjiskincare.com,22,shopify_products.json pages=1,No,,,,Yes,No,Yes,linkedin_employees=2; hiring_manager_on_linkedin=Yes; LI company/dr-somji-pro-active-skincare,,product_count_22_not_over_30,exclude,No
Duke & Dexter,https://dukeanddexter.com,Shoes,UK,Unknown,Unknown,Unknown,Unknown,Unknown,Unknown,Unknown,Unknown,Unknown,British footwear,Unknown,medium,https://dukeanddexter.com,365,shopify_products.json pages=2,No,,,,No,No,No,,,no_linkedin_or_careers_page,exclude,No
E.P.Brown,https://epbrown.com,Mixed,UK,2024-2025,Unknown,Unknown,Unknown,Unknown,Unknown,Unknown,Unknown,Unknown,UK handbags newly launched (C&TH),Partial,medium,https://epbrown.com,,invalid_json,No,,,,No,No,No,,,no_linkedin_or_careers_page; product_count_unknown_not_shopify_or_blocked,exclude,No
Eco Skincare,https://ecoskincare.co.uk,Beauty,UK,2019,Unknown,Unknown,Unknown,Unknown,Unknown,Unknown,Unknown,Unknown,Uckfield eco/plastic-free skincare.,Yes,medium,https://ecoskincare.co.uk,,not_shopify_or_blocked:429,No,,,,No,No,No,,,no_linkedin_or_careers_page; product_count_unknown_not_shopify_or_blocked,exclude,No
Eleanor Wellesley,https://eleanorwellesley.com,Shoes,UK,2023,Unknown,Yes,Unknown,Unknown,Unknown,Unknown,Instagram @eleanorwellesley,Unknown,London-designed Italian handcrafted wedge espadrilles.,Yes,medium,https://eleanorwellesley.com,,not_shopify_or_blocked:429,No,,,,No,No,No,,,no_linkedin_or_careers_page; product_count_unknown_not_shopify_or_blocked,exclude,No
Ella & Jo,https://ellaandjo.ie,Beauty,Ireland,2017,Unknown,Yes,Unknown,Unknown,Unknown,Unknown,Instagram @ellaandjo,Unknown,Irish B Corp skincare; ships 50+ countries.,No,medium,https://ellaandjo.ie,,not_shopify_or_blocked:429,No,,,,No,No,No,,,no_linkedin_or_careers_page; product_count_unknown_not_shopify_or_blocked,exclude,No
Elosa,https://elosa.co.uk,Clothing,UK,2021,Unknown,Unknown,Unknown,Unknown,None found,None found,Unknown,Not disclosed,Founder Ellie; handmade in England,No,medium,https://elosa.co.uk,,not_shopify_or_blocked:429,No,,,,No,No,No,,,no_linkedin_or_careers_page; product_count_unknown_not_shopify_or_blocked,exclude,No
ELWIN Studio,https://elwinstudio.com,Clothing,UK,2016,Unknown,Unknown,Unknown,Unknown,None found,None found,Unknown,Not disclosed,East London small-batch; surplus/natural fabrics; British wool,No,medium,https://elwinstudio.com,,not_shopify_or_blocked:429,No,,,,No,No,No,,,no_linkedin_or_careers_page; product_count_unknown_not_shopify_or_blocked,exclude,No
Emello,https://emello.co,Clothing,UK,Unknown,Unknown,Unknown,Unknown,Unknown,Unknown,Unknown,Unknown,Unknown,Emerging UK (press mention),Unknown,low,https://emello.co,,not_shopify_or_blocked:0,No,,,,No,No,No,,,no_linkedin_or_careers_page; product_count_unknown_not_shopify_or_blocked,exclude,No
Espressoh,https://espressoh.com,Beauty,Italy,2018,Unknown,Yes,Unknown,Unknown,Unknown,Unknown,Instagram @espressoh,~€800k prior year (WWD early),Milan indie makeup DTC.,No,medium,https://espressoh.com,,not_shopify_or_blocked:429,No,,,,No,No,No,,,no_linkedin_or_careers_page; product_count_unknown_not_shopify_or_blocked,exclude,No
Estrid,https://estrid.com,Beauty,UK/Sweden,2019,Unknown,Yes,Unknown,Unknown,Unknown,Unknown,IG @estrid,Top UK DTC beauty (Consumer Edge),Women's shaving/body,Partial,medium,https://estrid.com,,not_shopify_or_blocked:429,No,,,,No,No,No,,,no_linkedin_or_careers_page; product_count_unknown_not_shopify_or_blocked,exclude,No
Etta Grove,https://ettagrove.com,Shoes,UK/US,2022,Unknown,Unknown,Unknown,Unknown,Unknown,Unknown,Unknown,Unknown,Extended size footwear,Partial,low,https://ettagrove.com,,invalid_json,No,,,,No,No,No,,,no_linkedin_or_careers_page; product_count_unknown_not_shopify_or_blocked,exclude,No
Evolve Organic Beauty,https://evolvebeauty.co.uk,Beauty,UK,Unknown,Unknown,Yes,Unknown,Unknown,Unknown,Unknown,Instagram @evolveorganicbeauty,Not disclosed,British organic indie skincare,No,medium,https://evolvebeauty.co.uk,,not_shopify_or_blocked:429,No,,,,No,No,No,,,no_linkedin_or_careers_page; product_count_unknown_not_shopify_or_blocked,exclude,No
Faace,https://wearefaace.com,Beauty,UK,2019,Unknown,Yes,Unknown,Unknown,Unknown,Unknown,Instagram @wearefaace,Unknown,Brighton hormonal-skincare; Dragons’ Den; verify current status.,Yes,medium,https://wearefaace.com,,not_shopify_or_blocked:429,No,,,,No,No,No,,,no_linkedin_or_careers_page; product_count_unknown_not_shopify_or_blocked,exclude,No
Facetheory,https://www.facetheory.com,Beauty,UK,Unknown,Unknown,Yes,Unknown,Unknown,Unknown,Unknown,Instagram @facetheory,Not disclosed,UK science-led skincare DTC,No,medium,https://www.facetheory.com,,not_shopify_or_blocked:429,No,,,,No,No,No,,,no_linkedin_or_careers_page; product_count_unknown_not_shopify_or_blocked,exclude,No
Fanfare Label,https://fanfarelabel.com,Clothing,UK,2018,Unknown,Yes,Unknown,Unknown,Unknown,Unknown,Instagram @fanfarelabel,Not disclosed,Founder Esther Knight; circular/upcycled womenswear,No,medium,https://fanfarelabel.com,,not_shopify_or_blocked:429,No,,,,No,No,No,,,no_linkedin_or_careers_page; product_count_unknown_not_shopify_or_blocked,exclude,No
Fanny Fit,https://fannyfit.com,Clothing,Netherlands,2023,2,Unknown,Unknown,Yes,None found,None found,LI company/fanny-fit,Not disclosed,Rotterdam underwear startup,No,high,https://fannyfit.com,12,shopify_products.json pages=1,No,,,,Yes,No,Yes,linkedin_employees=2; hiring_manager_on_linkedin=Yes; LI company/fanny-fit,,product_count_12_not_over_30,exclude,No
Farai London,https://farailondon.com,Clothing,UK,2020,1-10,Yes,Unknown,Yes,Unknown,Unknown,IG @farailondon,Unknown,Revolve/ASOS/Selfridges stockist (founder LI),Yes,medium,https://farailondon.com,37,shopify_products.json pages=1,Yes,,,asos; revolve; selfridges; stockist,Yes,No,Yes,linkedin_employees=1-10; hiring_manager_on_linkedin=Yes,,physical_store_or_other_retailer_signal,exclude,No
Fauna,https://www.fauna.ie,Clothing,Ireland,2015,Unknown,Unknown,Unknown,Unknown,Unknown,Unknown,Unknown,Unknown,Dublin handprinted organic clothing,No,medium,https://www.fauna.ie,317,shopify_products.json pages=2,No,,,,No,No,No,,,no_linkedin_or_careers_page,exclude,No
Feï Paris,https://fei-paris.com,Beauty,France,2021,Unknown,Unknown,Unknown,Unknown,Unknown,Unknown,Unknown,Unknown,French dermocosmetics; powder cleanser focus.,Yes,medium,https://fei-paris.com,,not_shopify_or_blocked:404,No,,,,No,No,No,,,no_linkedin_or_careers_page; product_count_unknown_not_shopify_or_blocked,exclude,No
Filippa K,https://www.filippa-k.com,Clothing,Sweden,1993,Unknown,Yes,Unknown,Unknown,Unknown,Unknown,Unknown,Unknown,Swedish (older),No,medium,https://www.filippa-k.com,,not_shopify_or_blocked:410,No,,,,No,No,No,,,no_linkedin_or_careers_page; product_count_unknown_not_shopify_or_blocked,exclude,No
Filling Pieces,https://fillingpieces.com,Shoes,Netherlands,2009,Unknown,Yes,Unknown,Unknown,Unknown,Unknown,IG @fillingpieces,Unknown,Amsterdam footwear (older),No,medium,https://fillingpieces.com,,not_shopify_or_blocked:429,No,,,,No,No,No,,,no_linkedin_or_careers_page; product_count_unknown_not_shopify_or_blocked,exclude,No
Flattered,https://flattered.com,Shoes,Sweden,2013,Unknown,Yes,Unknown,Unknown,Unknown,Unknown,Instagram @flattered,Unknown,Stockholm footwear & leather goods.,No,medium,https://flattered.com,,not_shopify_or_blocked:429,No,,,,No,No,No,,,no_linkedin_or_careers_page; product_count_unknown_not_shopify_or_blocked,exclude,No
FLORE FLORE,https://flore-flore.com,Clothing,Netherlands,2021,7,Yes,No,Yes,Production & Development Manager; internships,https://flore-flore.com/pages/careers,IG @floreflore; LI company/floreflore,Not disclosed,Stocked SSENSE / Galeries Lafayette,Yes,high,https://flore-flore.com,516,shopify_products.json pages=3,Yes,galeries lafayette; harvey nichols; net a porter; ssense; stockists,,galeries lafayette; ssense,Yes,Yes,Yes,linkedin_employees=7; hiring_manager_on_linkedin=Yes; LI company/floreflore,https://flore-flore.com/pages/careers,physical_store_or_other_retailer_signal,exclude,No
Florere,https://florere.com,Clothing,UK,2022-2023 (co. 2024),1-10,No,Unknown,Yes,None found,None found,IG @florere; LI company/florere-the-brand,Est. $1M-$10M (3rd party unverified),CH 15712638 Active; John Lewis stockist,Partial,high,https://florere.com,118,shopify_products.json pages=1,Yes,john lewis; johnlewis; stockists; wholesale,,john lewis; stockist,Yes,No,Yes,linkedin_employees=1-10; hiring_manager_on_linkedin=Yes; LI company/florere-the-brand,,physical_store_or_other_retailer_signal,exclude,No
Florrie London,https://florrielondon.com,Shoes,UK,Unknown,Unknown,Yes,Unknown,Unknown,Unknown,Unknown,Unknown,Not disclosed,"Designed London, handcrafted Florence; founder ex-Aquazzura",No,medium,https://florrielondon.com,,not_shopify_or_blocked:429,No,,,,No,No,No,,,no_linkedin_or_careers_page; product_count_unknown_not_shopify_or_blocked,exclude,No
Folk,https://www.folkclothing.com,Clothing,UK,Unknown,Unknown,Yes,Unknown,Unknown,Unknown,Unknown,Instagram @folkclothing,Not disclosed,London independent everyday clothing,No,medium,https://www.folkclothing.com,,not_shopify_or_blocked:429,No,,,,No,No,No,,,no_linkedin_or_careers_page; product_count_unknown_not_shopify_or_blocked,exclude,No
FRiJDA JUNi,https://www.frijda-juni.de,Clothing,Germany,2020,Unknown,Partial,Unknown,Unknown,Unknown,Unknown,Unknown,Unknown,"Munich designed, made in Germany ethical womenswear.",Yes,medium,https://www.frijda-juni.de,,not_shopify_or_blocked:404,No,,,,No,No,No,,,no_linkedin_or_careers_page; product_count_unknown_not_shopify_or_blocked,exclude,No
Fruity Booty,https://fruitybooty.com,Clothing,UK,2017,Unknown,Yes,Unknown,Unknown,Unknown,Unknown,IG @fruitybooty,Unknown,UK emerging brand (WWW); Founder Hattie Tennant; lingerie/swim/RTW; deadstock fabrics,No,medium,https://fruitybooty.com,,not_shopify_or_blocked:0,No,,,,No,No,No,,,no_linkedin_or_careers_page; product_count_unknown_not_shopify_or_blocked,exclude,No
Fussy,https://www.getfussy.com,Beauty,UK,2021,Unknown,Partial,Unknown,Unknown,Unknown,Unknown,Instagram @getfussy,Not disclosed,Refillable deodorant; Jan 2021 launch; London,No,medium,https://www.getfussy.com,,not_shopify_or_blocked:429,No,,,,No,No,No,,,no_linkedin_or_careers_page; product_count_unknown_not_shopify_or_blocked,exclude,No
FéRí,https://feri.ie,Clothing,Ireland,Unknown,Unknown,Unknown,Unknown,Unknown,Unknown,Unknown,Unknown,Unknown,Irish indie fashion mention,Unknown,low,https://feri.ie,260,shopify_products.json pages=2,No,,,,No,No,No,,,no_linkedin_or_careers_page,exclude,No
GANNI,https://www.ganni.com,Clothing,Denmark,2000,Unknown,Yes,Unknown,Unknown,Unknown,Unknown,IG @ganni,Large scale,Danish women fashion (older),No,medium,https://www.ganni.com,,not_shopify_or_blocked:404,No,,,,No,No,No,,,no_linkedin_or_careers_page; product_count_unknown_not_shopify_or_blocked,exclude,No
Gem & Tonic,https://gemandtonic.shop,Beauty,UK,2024,4,Unknown,Unknown,Unknown,Unknown,Unknown,Instagram @gemandtonic,Unknown,London gemstone-infused beauty; ~4 employees.,Yes,medium,https://gemandtonic.shop,6,shopify_products.json pages=1,No,,,,Yes,No,Yes,linkedin_employees=4,,product_count_6_not_over_30,exclude,No
Gilda & Pearl,https://www.gildaandpearl.com,Clothing,UK,2011,Unknown,Yes,Unknown,Unknown,Unknown,Unknown,Instagram @gildaandpearl,Not disclosed,Founder Diane Houston; London luxury lingerie/nightwear,No,medium,https://www.gildaandpearl.com,,not_shopify_or_blocked:0,No,,,,No,No,No,,,no_linkedin_or_careers_page; product_count_unknown_not_shopify_or_blocked,exclude,No
Gina Tricot,https://www.ginatricot.com,Clothing,Sweden,1997,Unknown,Yes,Unknown,Unknown,Unknown,Unknown,Unknown,Unknown,Swedish women fashion (older/larger),No,medium,https://www.ginatricot.com,,not_shopify_or_blocked:500,No,,,,No,No,No,,,no_linkedin_or_careers_page; product_count_unknown_not_shopify_or_blocked,exclude,No
Gitti Conscious Beauty,https://gitti.de,Beauty,Germany,2017,Unknown,Yes,Unknown,Unknown,Unknown,Unknown,IG @gitti,Unknown,Berlin water-based nail/beauty,No,medium,https://gitti.de,,not_shopify_or_blocked:429,No,,,,No,No,No,,,no_linkedin_or_careers_page; product_count_unknown_not_shopify_or_blocked,exclude,No
Glassworks London,https://glassworkslondon.com,Clothing,UK,Unknown,Unknown,Unknown,Unknown,Unknown,Unknown,Unknown,Unknown,Unknown,UK indie (WWW Gen Z list),Unknown,low,https://glassworkslondon.com,,not_shopify_or_blocked:429,No,,,,No,No,No,,,no_linkedin_or_careers_page; product_count_unknown_not_shopify_or_blocked,exclude,No
Glisten Cosmetics,https://www.glistencosmetics.com,Beauty,UK,2017,Unknown,Yes,Unknown,Unknown,Unknown,Unknown,Instagram @glistencosmetics,Unknown,Independent UK colour cosmetics; family-run.,No,medium,https://www.glistencosmetics.com,,not_shopify_or_blocked:429,No,,,,No,No,No,,,no_linkedin_or_careers_page; product_count_unknown_not_shopify_or_blocked,exclude,No
Glow Hub,https://glowhub.com,Beauty,UK,2020,Unknown,Yes,Unknown,Unknown,Unknown,Unknown,Instagram @glowhub,Unknown,UK-made teen/young adult skincare by Tiffany Salmon-Mills.,Yes,medium,https://glowhub.com,,not_shopify_or_blocked:429,No,,,,No,No,No,,,no_linkedin_or_careers_page; product_count_unknown_not_shopify_or_blocked,exclude,No
Goodiebox,https://bygoodiebox.com,Beauty,Denmark,2012,Unknown,Yes,Unknown,Unknown,Unknown,Unknown,Instagram @bygoodiebox,Unknown,Danish beauty subscription/ecommerce.,No,medium,https://bygoodiebox.com,,not_shopify_or_blocked:404,No,,,,No,No,No,,,no_linkedin_or_careers_page; product_count_unknown_not_shopify_or_blocked,exclude,No
GROUND Wellbeing,https://groundwellbeing.com,Beauty,Ireland,2020,Unknown,Yes,Unknown,Unknown,Unknown,Unknown,Instagram @groundwellbeing,Unknown,Cork holistic wellness/biome skincare.,Yes,medium,https://groundwellbeing.com,,not_shopify_or_blocked:429,No,,,,No,No,No,,,no_linkedin_or_careers_page; product_count_unknown_not_shopify_or_blocked,exclude,No
Gutsy Fashion,https://www.gutsy.fashion,Clothing,Netherlands,2019,1,Partial,Unknown,Unknown,Unknown,Unknown,Instagram @gutsy.fashion,Unknown,Handmade-to-order Dutch label.,Yes,medium,https://www.gutsy.fashion,74,shopify_products.json pages=1,No,,,,Yes,No,Yes,linkedin_employees=1,,,medium,Yes
GymVersus,https://gymversus.com,Clothing,UK,2013,Unknown,Yes,Unknown,Unknown,Unknown,Unknown,Instagram @gymversus,Not disclosed,London activewear; Drapers upcoming activewear mention,No,medium,https://gymversus.com,,not_shopify_or_blocked:429,No,,,,No,No,No,,,no_linkedin_or_careers_page; product_count_unknown_not_shopify_or_blocked,exclude,No
Hades,https://www.hades-knitwear.com,Clothing,UK,Unknown,Unknown,Unknown,Unknown,Unknown,Unknown,Unknown,Instagram @hades,Not disclosed,British slogan knitwear; Hawick Scotland production noted; verify domain,No,medium,https://www.hades-knitwear.com,,not_shopify_or_blocked:0,No,,,,No,No,No,,,no_linkedin_or_careers_page; product_count_unknown_not_shopify_or_blocked,exclude,No
Hai,https://hai.com,Clothing,UK,Unknown,Unknown,Unknown,Unknown,Unknown,Unknown,Unknown,Unknown,Unknown,WWW female-founded list (verify domain),Unknown,low,https://hai.com,,not_shopify_or_blocked:404,No,,,,No,No,No,,,no_linkedin_or_careers_page; product_count_unknown_not_shopify_or_blocked,exclude,No
Hair Syrup,https://hairsyrup.com,Beauty,UK,2020,Unknown,Unknown,Unknown,Unknown,Unknown,Unknown,TikTok Hair Syrup,On track GBP 6.5m (2024/25 press),Welsh haircare viral; Founder Lucie Macleod; Pembrokeshire; Dragons Den; Boots Oct 2024,No,medium,https://hairsyrup.com,,not_shopify_or_blocked:0,Yes,,,boots,No,No,No,,,no_linkedin_or_careers_page; physical_store_or_other_retailer_signal; product_count_unknown_not_shopify_or_blocked,exclude,No
happybrush,https://happybrush.de,Beauty,Germany,2015,Unknown,Yes,Unknown,Unknown,Unknown,Unknown,Unknown,Unknown,German oral care beauty DTC,No,medium,https://happybrush.de,,not_shopify_or_blocked:429,No,,,,No,No,No,,,no_linkedin_or_careers_page; product_count_unknown_not_shopify_or_blocked,exclude,No
HAVU Cosmetics,https://havucosmetics.com,Beauty,Finland,2019,Unknown,Partial,Unknown,Unknown,Unknown,Unknown,Unknown,Unknown,Helsinki zero-waste lipstick/refill cosmetics.,Yes,medium,https://havucosmetics.com,,not_shopify_or_blocked:429,No,,,,No,No,No,,,no_linkedin_or_careers_page; product_count_unknown_not_shopify_or_blocked,exclude,No
HAVVA,https://havvamustafa.com,Shoes,UK,2014,3,Yes,Unknown,Unknown,Unknown,Unknown,Instagram @havvamustafa,Unknown,London contemporary women’s designer footwear.,No,medium,https://havvamustafa.com,29,shopify_products.json pages=1,Yes,boots,,,Yes,No,Yes,linkedin_employees=3,,physical_store_or_other_retailer_signal; product_count_29_not_over_30,exclude,No
Hedoine,https://hedoine.com,Mixed,UK,2017,Unknown,Yes,Unknown,Unknown,Unknown,Unknown,Instagram @hedoine; LinkedIn hedoine,Not disclosed,Founders Anna Sturhahn & Alexandra Popa; London accessories/tights,No,medium,https://hedoine.com,60,shopify_products.json pages=1,No,,,,Yes,No,Yes,linkedin_mention_in_notes_or_social,,,medium,Yes
HeLhem,https://helhem.com,Beauty,France,Unknown,Unknown,Unknown,Unknown,Unknown,Unknown,Unknown,Unknown,Unknown,French indie skincare,Unknown,low,https://helhem.com,,not_shopify_or_blocked:404,No,,,,No,No,No,,,no_linkedin_or_careers_page; product_count_unknown_not_shopify_or_blocked,exclude,No
HelloBody,https://www.hellobody.com,Beauty,Germany,2016,Unknown,Yes,Unknown,Unknown,Unknown,Unknown,Instagram @hellobody,Previously cited ~€65M,Berlin DTC skincare; Invincible Brands path.,No,medium,https://www.hellobody.com,,not_shopify_or_blocked:429,No,,,,No,No,No,,,no_linkedin_or_careers_page; product_count_unknown_not_shopify_or_blocked,exclude,No
helloSKIN,https://helloskin.co.uk,Beauty,UK,Unknown,Unknown,Unknown,Unknown,Unknown,Unknown,Unknown,Unknown,Unknown,UK indie beauty mention,Unknown,low,https://helloskin.co.uk,,not_shopify_or_blocked:429,No,,,,No,No,No,,,no_linkedin_or_careers_page; product_count_unknown_not_shopify_or_blocked,exclude,No
Her Rayn,https://herrayn.com,Clothing,Unknown,Unknown,Unknown,Unknown,Unknown,Unknown,Unknown,Unknown,Unknown,Unknown,WWW Gen Z list,Unknown,low,https://herrayn.com,,not_shopify_or_blocked:404,No,,,,No,No,No,,,no_linkedin_or_careers_page; product_count_unknown_not_shopify_or_blocked,exclude,No
Hera Clothing,https://hera-clothing.com,Clothing,UK,Unknown,Unknown,Unknown,Unknown,Unknown,Unknown,Unknown,Unknown,Unknown,Drapers 30U30 mention,Unknown,low,https://hera-clothing.com,,not_shopify_or_blocked:0,No,,,,No,No,No,,,no_linkedin_or_careers_page; product_count_unknown_not_shopify_or_blocked,exclude,No
Holzweiler,https://holzweileroslo.com,Clothing,Norway,2014,Unknown,Yes,Unknown,Unknown,Unknown,Unknown,IG @holzweiler,Unknown,Oslo fashion,No,medium,https://holzweileroslo.com,,invalid_json,No,,,,No,No,No,,,no_linkedin_or_careers_page; product_count_unknown_not_shopify_or_blocked,exclude,No
Honest Basics,https://honest-basics.com,Clothing,Germany,Unknown,Unknown,Unknown,Unknown,Unknown,Unknown,Unknown,Unknown,Unknown,German basics,Unknown,low,https://honest-basics.com,,not_shopify_or_blocked:429,No,,,,No,No,No,,,no_linkedin_or_careers_page; product_count_unknown_not_shopify_or_blocked,exclude,No
Horizn Studios,https://horizn-studios.com,Mixed,Germany,2015,Unknown,Yes,Unknown,Unknown,Unknown,Unknown,IG @horiznstudios,Unknown,Berlin travel/lifestyle (not core apparel),No,medium,https://horizn-studios.com,,not_shopify_or_blocked:429,No,,,,No,No,No,,,no_linkedin_or_careers_page; product_count_unknown_not_shopify_or_blocked,exclude,No
House of Kind,https://houseofkind.london,Clothing,UK,2024,3,Yes,Unknown,Yes,Open to growth hires via founder DM,None found,IG/FB/TikTok/X houseofkind.london,Not disclosed,CH 15420103 Active,No,high,https://houseofkind.london,20,shopify_products.json pages=1,Yes,stockists,,,Yes,No,Yes,linkedin_employees=3; hiring_manager_on_linkedin=Yes,,physical_store_or_other_retailer_signal; product_count_20_not_over_30,exclude,No
House of Sunny,https://houseofsunny.co.uk,Clothing,UK,2011,Unknown,Yes,Unknown,Unknown,Unknown,Unknown,Instagram @houseofsunny,Not disclosed,Founders Sunny & Camilla Williams; East London store,No,medium,https://houseofsunny.co.uk,,not_shopify_or_blocked:429,No,,,,No,No,No,,,no_linkedin_or_careers_page; product_count_unknown_not_shopify_or_blocked,exclude,No
HUE (Made for Hue),https://madeforhue.com,Beauty,UK,2023 (co. 2020),5,Yes,Unknown,Yes,Production Manager; Creative Producer,None found,IG @madeforhue; LI company/madeforhue,Not disclosed; ~$603k raised,CH 12999313 HEREUEXIST LTD Active,Partial,high,https://madeforhue.com,,invalid_json,No,,,,Yes,No,Yes,linkedin_employees=5; hiring_manager_on_linkedin=Yes; LI company/madeforhue,,product_count_unknown_not_shopify_or_blocked,exclude,No
Hyléria,https://hyleria.com,Beauty,France,2021,Unknown,Unknown,Unknown,Unknown,Unknown,Unknown,Unknown,Unknown,French refillable skincare,Partial,medium,https://hyleria.com,,not_shopify_or_blocked:0,No,,,,No,No,No,,,no_linkedin_or_careers_page; product_count_unknown_not_shopify_or_blocked,exclude,No
Ilaire,https://www.ilaire.com,Beauty,Italy,2020,Unknown,Partial,Unknown,Unknown,Unknown,Unknown,Unknown,Unknown,Italian cosmeceutical brand.,Yes,medium,https://www.ilaire.com,,not_shopify_or_blocked:404,No,,,,No,No,No,,,no_linkedin_or_careers_page; product_count_unknown_not_shopify_or_blocked,exclude,No
indu Beauty,https://weareindu.com,Beauty,UK,2021,23,Unknown,Unknown,Unknown,Unknown,Unknown,IG/TikTok/FB indu,Unknown,Teen skincare UK; team may exceed 20,No,medium,https://weareindu.com,130,shopify_products.json pages=1,Yes,sephora; stockist; store locator,store locator,,Yes,No,Yes,linkedin_employees=23,,physical_store_or_other_retailer_signal,exclude,No
Infantium Victoria,https://infantiumvictoria.com,Clothing,Germany,Unknown,Unknown,Unknown,Unknown,Unknown,Unknown,Unknown,Unknown,Unknown,German kids/women adjacent,Unknown,low,https://infantiumvictoria.com,,not_shopify_or_blocked:0,No,,,,No,No,No,,,no_linkedin_or_careers_page; product_count_unknown_not_shopify_or_blocked,exclude,No
Intotum,https://intotum.com,Clothing,UK,Unknown,Unknown,Unknown,Unknown,Yes,Unknown,Unknown,Unknown,Unknown,Hanan Tantush; Drapers 2025,Unknown,low,https://intotum.com,,not_shopify_or_blocked:0,No,,,,Yes,No,Yes,hiring_manager_on_linkedin=Yes,,product_count_unknown_not_shopify_or_blocked,exclude,No
It's 9pm,https://its9pm.com,Clothing,UK,Unknown,Unknown,Unknown,Unknown,Unknown,Unknown,Unknown,IG @its9pm,Unknown,UK contemporary loungewear (C&TH list),Unknown,medium,https://its9pm.com,,not_shopify_or_blocked:0,No,,,,No,No,No,,,no_linkedin_or_careers_page; product_count_unknown_not_shopify_or_blocked,exclude,No
It's Lava,https://itslava.es,Mixed,Spain,2019,Unknown,Partial,Unknown,Unknown,Unknown,Unknown,Instagram @itslava,Unknown,Madrid women’s bags/accessories DTC.,Yes,medium,https://itslava.es,107,shopify_products.json pages=1,No,,,,No,No,No,,,no_linkedin_or_careers_page,exclude,No
IVY OAK,https://ivyoak.com,Clothing,Germany,2015,Unknown,Yes,Unknown,Unknown,Unknown,Unknown,IG @ivyoak,Unknown,German luxury casual DTC,No,medium,https://ivyoak.com,,not_shopify_or_blocked:404,No,,,,No,No,No,,,no_linkedin_or_careers_page; product_count_unknown_not_shopify_or_blocked,exclude,No
IZIE,https://izie.co.uk,Shoes,UK,2023,Unknown,Yes,Unknown,Unknown,Unknown,Unknown,Instagram @izie,Unknown,"London women’s footwear; Italian factory near Bologna.; Founder Isabella Bowie; designed London, made Italy",Yes,medium,https://izie.co.uk,,not_shopify_or_blocked:429,No,,,,No,No,No,,,no_linkedin_or_careers_page; product_count_unknown_not_shopify_or_blocked,exclude,No
James Read,https://jamesreadtan.com,Beauty,UK,Unknown,Unknown,Yes,Unknown,Unknown,Unknown,Unknown,Instagram @jamesreadtan,Not disclosed,British tan brand; independent British beauty roundups,No,medium,https://jamesreadtan.com,,not_shopify_or_blocked:404,No,,,,No,No,No,,,no_linkedin_or_careers_page; product_count_unknown_not_shopify_or_blocked,exclude,No
JAN N JUNE,https://jannjune.com,Clothing,Germany,2014,Unknown,Yes,Unknown,Unknown,Unknown,Unknown,IG @jannjune,Unknown,Hamburg fair fashion,No,medium,https://jannjune.com,,not_shopify_or_blocked:429,No,,,,No,No,No,,,no_linkedin_or_careers_page; product_count_unknown_not_shopify_or_blocked,exclude,No
JDY,https://www.jdy.com,Clothing,Denmark,Unknown,Unknown,Yes,Unknown,Unknown,Unknown,Unknown,Unknown,Unknown,Bestseller Group,No,medium,https://www.jdy.com,,not_shopify_or_blocked:404,No,,,,No,No,No,,,no_linkedin_or_careers_page; product_count_unknown_not_shopify_or_blocked,exclude,No
Jilla Active,https://jillaactive.com,Clothing,UK,2016,Unknown,Yes,Unknown,Unknown,Unknown,Unknown,Instagram @jillaactive,Not disclosed,British seamless activewear; bamboo/modal focus,No,medium,https://jillaactive.com,,not_shopify_or_blocked:429,No,,,,No,No,No,,,no_linkedin_or_careers_page; product_count_unknown_not_shopify_or_blocked,exclude,No
Jocie Juritz Collection,https://jociejuritzcollection.com,Shoes,UK,Unknown,Unknown,Yes,Unknown,Unknown,None found,None found,Unknown,Not disclosed,London designer; handmade Portugal; small pre-order drops,No,medium,https://jociejuritzcollection.com,,not_shopify_or_blocked:429,No,,,,No,No,No,,,no_linkedin_or_careers_page; product_count_unknown_not_shopify_or_blocked,exclude,No
JOGGR,https://www.joggr.co,Clothing,UK,2021,Unknown,Unknown,Unknown,Unknown,None found,None found,Unknown,Not disclosed,Founder Teona Burchuladze; London sustainable activewear; verify domain,No,medium,https://www.joggr.co,,not_shopify_or_blocked:429,No,,,,No,No,No,,,no_linkedin_or_careers_page; product_count_unknown_not_shopify_or_blocked,exclude,No
Joonbyrd,https://joonbyrd.com,Beauty,UK,2024 (co. 2022),8,Partial,Unknown,Yes,Email enquire byrdhouse@joonbyrd.com,None found,IG @joonbyrd; LI company/joonbyrd,Not disclosed,CH 13863516 Active,Yes,high,https://joonbyrd.com,57,shopify_products.json pages=1,No,,,,Yes,No,Yes,linkedin_employees=8; hiring_manager_on_linkedin=Yes; LI company/joonbyrd,,,medium,Yes
Josie Rose Skincare,https://www.josieroseskincare.com,Beauty,UK,2019,Unknown,Yes,Unknown,Unknown,Unknown,Unknown,Instagram @josieroseskincare,Unknown,Harrogate antioxidant skincare.,Yes,medium,https://www.josieroseskincare.com,,not_shopify_or_blocked:404,No,,,,No,No,No,,,no_linkedin_or_careers_page; product_count_unknown_not_shopify_or_blocked,exclude,No
JOTT,https://www.jott.com,Clothing,France,2010,Unknown,Yes,Unknown,Unknown,Unknown,Unknown,Instagram @jott,Unknown,Marseille light-down outerwear.,No,medium,https://www.jott.com,,not_shopify_or_blocked:429,No,,,,No,No,No,,,no_linkedin_or_careers_page; product_count_unknown_not_shopify_or_blocked,exclude,No
Jyoti Fair Works,https://jyoti-fairworks.org,Clothing,Germany,Unknown,Unknown,Unknown,Unknown,Unknown,Unknown,Unknown,Unknown,Unknown,German fair fashion,Unknown,low,https://jyoti-fairworks.org,,not_shopify_or_blocked:429,No,,,,No,No,No,,,no_linkedin_or_careers_page; product_count_unknown_not_shopify_or_blocked,exclude,No
Kahmune,https://kahmune.com,Shoes,UK,Unknown,Unknown,Unknown,Unknown,Unknown,Unknown,Unknown,Unknown,Unknown,Skin-tone matching footwear,Unknown,low,https://kahmune.com,,not_shopify_or_blocked:429,No,,,,No,No,No,,,no_linkedin_or_careers_page; product_count_unknown_not_shopify_or_blocked,exclude,No
Kai Collective,https://kaicollective.com,Clothing,UK,Unknown,Unknown,Unknown,Unknown,Unknown,Unknown,Unknown,Unknown,Unknown,WWW female-founded list,Unknown,low,https://kaicollective.com,,not_shopify_or_blocked:429,No,,,,No,No,No,,,no_linkedin_or_careers_page; product_count_unknown_not_shopify_or_blocked,exclude,No
Kanzen Skincare,https://www.kanzenskincare.com,Beauty,UK,2022,4,Yes,Unknown,Unknown,Unknown,Unknown,Instagram/TikTok @kanzenskincare,Unknown,London TikTok-viral acne skincare; ~4 employees.,Yes,medium,https://www.kanzenskincare.com,18,shopify_products.json pages=1,No,,,,Yes,No,Yes,linkedin_employees=4,,product_count_18_not_over_30,exclude,No
Kappahl,https://www.kappahl.com,Clothing,Sweden,1953,Unknown,Yes,Unknown,Unknown,Unknown,Unknown,Unknown,Unknown,Nordic (older/larger),No,medium,https://www.kappahl.com,,not_shopify_or_blocked:404,No,,,,No,No,No,,,no_linkedin_or_careers_page; product_count_unknown_not_shopify_or_blocked,exclude,No
Kapten & Son,https://kapten-son.com,Mixed,Germany,2014,Unknown,Yes,Unknown,Unknown,Unknown,Unknown,IG @kaptenandson,Unknown,Accessories (bags/watches) DTC,No,medium,https://kapten-son.com,,not_shopify_or_blocked:500,No,,,,No,No,No,,,no_linkedin_or_careers_page; product_count_unknown_not_shopify_or_blocked,exclude,No
Kat Maconie,https://katmaconie.com,Shoes,UK,2008,Unknown,Yes,Unknown,Unknown,Unknown,Unknown,IG @katmaconie,Unknown,London designer footwear (older),No,medium,https://katmaconie.com,,not_shopify_or_blocked:429,No,,,,No,No,No,,,no_linkedin_or_careers_page; product_count_unknown_not_shopify_or_blocked,exclude,No
Kitri,https://kitri.com,Clothing,UK,2017,Unknown,Yes,Unknown,Unknown,Unknown,Unknown,IG @kitristudio,Unknown,Established UK indie womenswear,No,medium,https://kitri.com,,not_shopify_or_blocked:403,No,,,,No,No,No,,,no_linkedin_or_careers_page; product_count_unknown_not_shopify_or_blocked,exclude,No
Knot Nice,https://knotnice.com,Clothing,Unknown,Unknown,Unknown,Unknown,Unknown,Unknown,Unknown,Unknown,Unknown,Unknown,WWW Gen Z list,Unknown,low,https://knotnice.com,,not_shopify_or_blocked:404,No,,,,No,No,No,,,no_linkedin_or_careers_page; product_count_unknown_not_shopify_or_blocked,exclude,No
Knwls,https://knwls.com,Clothing,UK,2016,Unknown,Unknown,Unknown,Unknown,Unknown,Unknown,IG @knwls,Unknown,Charlotte Knowles / Alexandre Vauthier assoc.,No,medium,https://knwls.com,,not_shopify_or_blocked:429,No,,,,No,No,No,,,no_linkedin_or_careers_page; product_count_unknown_not_shopify_or_blocked,exclude,No
Krī Skincare,https://kri.skin,Beauty,UK,2019,Unknown,Yes,Unknown,Unknown,Unknown,Unknown,Instagram @kri.skin,Unknown,Minimalist UK clean skincare; Brentwood Essex.,Yes,medium,https://kri.skin,,not_shopify_or_blocked:429,No,,,,No,No,No,,,no_linkedin_or_careers_page; product_count_unknown_not_shopify_or_blocked,exclude,No
La Crique,https://lacriquebeauty.com,Beauty,France,2023,Unknown,Yes,Unknown,Unknown,Unknown,Unknown,Unknown,Targeting €1M CA (press),Marseille hybrid makeup,Partial,medium,https://lacriquebeauty.com,35,shopify_products.json pages=1,No,,,,No,No,No,,,no_linkedin_or_careers_page,exclude,No
La Petite Étoile,https://lapetiteetoile.com,Clothing,France,2014,Unknown,Unknown,Unknown,Unknown,Unknown,Unknown,Unknown,Unknown,Parisian brand,No,medium,https://lapetiteetoile.com,,not_shopify_or_blocked:429,No,,,,No,No,No,,,no_linkedin_or_careers_page; product_count_unknown_not_shopify_or_blocked,exclude,No
La Rosée,https://larosee-cosmetiques.com,Beauty,France,2016,Unknown,Yes,Unknown,Unknown,Unknown,Unknown,Unknown,Unknown,French pharmacy dermocosmetics,No,medium,https://larosee-cosmetiques.com,,not_shopify_or_blocked:429,No,,,,No,No,No,,,no_linkedin_or_careers_page; product_count_unknown_not_shopify_or_blocked,exclude,No
Laagam,https://laagam.com,Clothing,Spain,2016,Unknown,Yes,Unknown,Unknown,Unknown,Unknown,IG @laagam,Unknown,Barcelona on-demand womenswear,No,medium,https://laagam.com,249,shopify_products.json pages=1,No,,,,No,No,No,,,no_linkedin_or_careers_page,exclude,No
Laganini Studio,https://laganinistudio.com,Clothing,Spain,Unknown,Unknown,Unknown,Unknown,Unknown,Unknown,Unknown,Unknown,Unknown,Spanish slow fashion,Unknown,low,https://laganinistudio.com,,not_shopify_or_blocked:404,No,,,,No,No,No,,,no_linkedin_or_careers_page; product_count_unknown_not_shopify_or_blocked,exclude,No
LangerChen,https://langerchen.com,Clothing,Germany,Unknown,Unknown,Unknown,Unknown,Unknown,Unknown,Unknown,Unknown,Unknown,Eco outdoor men/women,Unknown,medium,https://langerchen.com,105,shopify_products.json pages=1,No,,,,No,No,No,,,no_linkedin_or_careers_page,exclude,No
LANIUS,https://lanius.com,Clothing,Germany,1999,Unknown,Yes,Unknown,Unknown,Unknown,Unknown,Unknown,Unknown,German sustainable (older),No,medium,https://lanius.com,,not_shopify_or_blocked:429,No,,,,No,No,No,,,no_linkedin_or_careers_page; product_count_unknown_not_shopify_or_blocked,exclude,No
Laura Pitharas,https://laurapitharas.com,Clothing,UK,Unknown,Unknown,Unknown,Unknown,Unknown,Unknown,Unknown,Unknown,Unknown,WWW female-founded list,Unknown,low,https://laurapitharas.com,,not_shopify_or_blocked:429,No,,,,No,No,No,,,no_linkedin_or_careers_page; product_count_unknown_not_shopify_or_blocked,exclude,No
Laura See London,https://www.lauraseelondon.com,Shoes,UK,2021,Unknown,Unknown,Unknown,Yes,None found,None found,Unknown,Unknown,Founder Laura See; May 2021 website,Partial,medium,https://www.lauraseelondon.com,27,shopify_products.json pages=1,Yes,about you; boots,,,Yes,No,Yes,hiring_manager_on_linkedin=Yes,,physical_store_or_other_retailer_signal; product_count_27_not_over_30,exclude,No
Le Baigneur,https://lebaigneur.com,Beauty,France,Unknown,Unknown,Unknown,Unknown,Unknown,Unknown,Unknown,Unknown,Unknown,French bath/body,Unknown,low,https://lebaigneur.com,,not_shopify_or_blocked:0,No,,,,No,No,No,,,no_linkedin_or_careers_page; product_count_unknown_not_shopify_or_blocked,exclude,No
Le Monde Beryl,https://lemondedeberyl.com,Shoes,Italy/UK,2014,Unknown,Yes,Unknown,Unknown,Unknown,Unknown,Unknown,Unknown,Velvet slippers etc.,No,medium,https://lemondedeberyl.com,,not_shopify_or_blocked:0,No,,,,No,No,No,,,no_linkedin_or_careers_page; product_count_unknown_not_shopify_or_blocked,exclude,No
Les Petits Prodiges,https://lespetitsprodiges.com,Beauty,France,Unknown,Unknown,Unknown,Unknown,Unknown,Unknown,Unknown,Unknown,Unknown,French indie,Unknown,low,https://lespetitsprodiges.com,,not_shopify_or_blocked:429,No,,,,No,No,No,,,no_linkedin_or_careers_page; product_count_unknown_not_shopify_or_blocked,exclude,No
Lethal Cosmetics,https://lethalcosmetics.com,Beauty,Germany,Unknown,Unknown,Yes,Unknown,Unknown,Unknown,Unknown,Unknown,Unknown,German indie colour cosmetics,Unknown,medium,https://lethalcosmetics.com,,not_shopify_or_blocked:429,No,,,,No,No,No,,,no_linkedin_or_careers_page; product_count_unknown_not_shopify_or_blocked,exclude,No
Lico Cosmetics,https://licocosmetics.com,Beauty,Spain,2020,~39,Partial,Unknown,Unknown,Unknown,Unknown,Unknown,~€13M LTM (AECOC 2025),Spanish online-only skincare; Lanzadera-backed.,Yes,medium,https://licocosmetics.com,66,shopify_products.json pages=1,No,,,,Yes,No,Yes,linkedin_employees=~39,,,medium,Yes
LIHA Beauty,https://lihabeauty.com,Beauty,UK,Unknown,Unknown,Yes,Unknown,Unknown,Unknown,Unknown,Instagram @lihabeauty,Not disclosed,UK natural skincare; West African botanicals; micro-batch,No,medium,https://lihabeauty.com,,not_shopify_or_blocked:429,No,,,,No,No,No,,,no_linkedin_or_careers_page; product_count_unknown_not_shopify_or_blocked,exclude,No
Lili Curia,https://www.lilicuria.com,Shoes,UK,2025,Unknown,Yes,Unknown,Unknown,Unknown,Unknown,Instagram @lilicuria,Unknown,Premium London women’s footwear founded 2025.,Yes,medium,https://www.lilicuria.com,,not_shopify_or_blocked:429,No,,,,No,No,No,,,no_linkedin_or_careers_page; product_count_unknown_not_shopify_or_blocked,exclude,No
Lili Marleena,https://lilimarleena.com,Clothing,Finland,2019,Unknown,Unknown,Unknown,Unknown,Unknown,Unknown,Unknown,Unknown,Helsinki women’s clothing from surplus fabrics.,Yes,medium,https://lilimarleena.com,,not_shopify_or_blocked:404,No,,,,No,No,No,,,no_linkedin_or_careers_page; product_count_unknown_not_shopify_or_blocked,exclude,No
Lilian von Trapp,https://lilianvontrapp.com,Clothing,Germany,Unknown,Unknown,Unknown,Unknown,Unknown,Unknown,Unknown,Unknown,Unknown,German sustainable,Unknown,low,https://lilianvontrapp.com,,not_shopify_or_blocked:429,No,,,,No,No,No,,,no_linkedin_or_careers_page; product_count_unknown_not_shopify_or_blocked,exclude,No
Lindex,https://www.lindex.com,Clothing,Sweden,1954,Unknown,Yes,Unknown,Unknown,Unknown,Unknown,Unknown,Unknown,Nordic women fashion retailer (older),No,medium,https://www.lindex.com,,not_shopify_or_blocked:403,No,,,,No,No,No,,,no_linkedin_or_careers_page; product_count_unknown_not_shopify_or_blocked,exclude,No
Lisou,https://lisou.co.uk,Clothing,UK,Unknown,Unknown,Unknown,Unknown,Unknown,Unknown,Unknown,Unknown,Unknown,WWW female-founded list,Unknown,medium,https://lisou.co.uk,,not_shopify_or_blocked:429,No,,,,No,No,No,,,no_linkedin_or_careers_page; product_count_unknown_not_shopify_or_blocked,exclude,No
Louche London,https://louchelondon.com,Clothing,UK,2008,Unknown,Yes,Unknown,Unknown,Unknown,Unknown,Instagram @louchelondon,Not disclosed,Women-led London designer clothing,No,medium,https://louchelondon.com,,not_shopify_or_blocked:429,No,,,,No,No,No,,,no_linkedin_or_careers_page; product_count_unknown_not_shopify_or_blocked,exclude,No
Loulou de Saison,https://louloudesaison.com,Clothing,France,2019,Unknown,Yes,Unknown,Unknown,Unknown,Unknown,Instagram @louloudesaison,Unknown,Parisian womenswear; boutiques + wholesale.,Yes,medium,https://louloudesaison.com,250,shopify_products.json capped_at_5000,Yes,,,wholesale,No,No,No,,,no_linkedin_or_careers_page; physical_store_or_other_retailer_signal,exclude,No
Love Lux London,https://loveluxlondon.com,Clothing,UK,2019,Unknown,Yes,Unknown,Unknown,Unknown,Unknown,Instagram @loveluxlondon,Not disclosed,London womenswear (directory Est. 2019); verify website,No,medium,https://loveluxlondon.com,,not_shopify_or_blocked:429,No,,,,No,No,No,,,no_linkedin_or_careers_page; product_count_unknown_not_shopify_or_blocked,exclude,No
Lovely Studios,https://lovelystudios.nl,Clothing,Netherlands,2020,Unknown,Unknown,Unknown,Unknown,Content creator / internship postings reported,Unknown,Instagram @lovelystudios,Unknown,Amsterdam fashion label; DTC + pop-ups.,Yes,medium,https://lovelystudios.nl,250,shopify_products.json capped_at_5000,No,,,,No,No,No,,,no_linkedin_or_careers_page,exclude,No
Loveness Lee,https://lovenesslee.com,Clothing,UK,Unknown,Unknown,Unknown,Unknown,Unknown,Unknown,Unknown,Unknown,Unknown,WWW female-founded list,Unknown,low,https://lovenesslee.com,,not_shopify_or_blocked:429,No,,,,No,No,No,,,no_linkedin_or_careers_page; product_count_unknown_not_shopify_or_blocked,exclude,No
Lucy Choi London,https://lucychoilondon.com,Shoes,UK,Unknown,Unknown,Unknown,Unknown,Unknown,Unknown,Unknown,Unknown,Unknown,Affordable luxury footwear,Unknown,medium,https://lucychoilondon.com,,not_shopify_or_blocked:0,No,,,,No,No,No,,,no_linkedin_or_careers_page; product_count_unknown_not_shopify_or_blocked,exclude,No
Luna Daily,https://luna-daily.com,Beauty,UK,2022,Unknown,Yes,Unknown,Unknown,Unknown,Unknown,Instagram @luna_daily_official,Unknown,Microbiome whole-body care founded 2022.,Yes,medium,https://luna-daily.com,,not_shopify_or_blocked:429,No,,,,No,No,No,,,no_linkedin_or_careers_page; product_count_unknown_not_shopify_or_blocked,exclude,No
Made by Mitchell,https://madebymitchell.co.uk,Beauty,UK,2020,7,Yes,Unknown,Yes,careers@madebymitchell.co.uk,Email careers,LI company/made-by-mitchell,Not disclosed; TikTok Shop viral,CH 12270082 Active (528 International T/A MBM); Liverpool; founder Mitchell Halliday,No,high,https://madebymitchell.co.uk,107,shopify_products.json pages=1,Yes,stockists,,,Yes,Yes,Yes,linkedin_employees=7; hiring_manager_on_linkedin=Yes; LI company/made-by-mitchell,Email careers,physical_store_or_other_retailer_signal,exclude,No
Madeleine Thompson,https://madeleinethompson.com,Clothing,UK,2006,Unknown,Yes,Unknown,Unknown,Unknown,Unknown,Instagram @madeleinethompson,Not disclosed,British cashmere label; limited production,No,medium,https://madeleinethompson.com,,invalid_json,No,,,,No,No,No,,,no_linkedin_or_careers_page; product_count_unknown_not_shopify_or_blocked,exclude,No
Maebe,https://maebe.co.uk,Clothing,UK,2024-2025,Unknown,Unknown,Unknown,Yes,Unknown,Unknown,Unknown,Unknown,Molly-Mae Hague brand (Drapers 2025),Partial,medium,https://maebe.co.uk,171,shopify_products.json pages=1,No,,,,Yes,No,Yes,hiring_manager_on_linkedin=Yes,,,medium,Yes
Magda Butrym,https://magdabutrym.com,Clothing,Poland,2014,Unknown,Yes,Unknown,Unknown,Unknown,Unknown,Instagram @magdabutrym,Unknown,Polish designer womenswear.,No,medium,https://magdabutrym.com,,not_shopify_or_blocked:404,No,,,,No,No,No,,,no_linkedin_or_careers_page; product_count_unknown_not_shopify_or_blocked,exclude,No
MaisonCléo,https://maisoncleo.com,Clothing,France,Unknown,Unknown,Yes,Unknown,Unknown,Unknown,Unknown,Instagram @maisoncleo,Unknown,Lille made-to-order deadstock brand.,No,medium,https://maisoncleo.com,,not_shopify_or_blocked:404,No,,,,No,No,No,,,no_linkedin_or_careers_page; product_count_unknown_not_shopify_or_blocked,exclude,No
Malone Souliers,https://malonesouliers.com,Shoes,UK,2014,Unknown,Yes,Unknown,Unknown,Unknown,Unknown,IG @malonesouliers,Unknown,Luxury footwear London,No,medium,https://malonesouliers.com,,not_shopify_or_blocked:429,No,,,,No,No,No,,,no_linkedin_or_careers_page; product_count_unknown_not_shopify_or_blocked,exclude,No
Manley,https://www.manley.ie,Clothing,Ireland,2010,Unknown,Yes,Unknown,Yes,Unknown,Unknown,Unknown,Unknown,Irish designer womenswear; ships worldwide,No,medium,https://www.manley.ie,,not_shopify_or_blocked:404,No,,,,Yes,No,Yes,hiring_manager_on_linkedin=Yes,,product_count_unknown_not_shopify_or_blocked,exclude,No
Manu Atelier,https://manuatelier.com,Shoes,Turkey/EU,2014,Unknown,Yes,Unknown,Unknown,Unknown,Unknown,IG @manuatelier,Unknown,Luxury bags/shoes EU market,No,medium,https://manuatelier.com,319,shopify_products.json pages=2,No,,,,No,No,No,,,no_linkedin_or_careers_page,exclude,No
Mars the Label,https://marsthelabel.com,Clothing,UK,Unknown,Unknown,Unknown,Unknown,Yes,Unknown,Unknown,Unknown,Unknown,Arianna Ajtar; Drapers 30U30 2025,Unknown,medium,https://marsthelabel.com,1212,shopify_products.json pages=5,No,,,,Yes,No,Yes,hiring_manager_on_linkedin=Yes,,,medium,Yes
Mary Benson,https://marybenson.com,Clothing,UK,Unknown,Unknown,Unknown,Unknown,Unknown,Unknown,Unknown,Unknown,Unknown,WWW female-founded list,Unknown,low,https://marybenson.com,,not_shopify_or_blocked:0,No,,,,No,No,No,,,no_linkedin_or_careers_page; product_count_unknown_not_shopify_or_blocked,exclude,No
ME+EM,https://meandem.com,Clothing,UK,2008,Unknown,Yes,Unknown,Unknown,Unknown,Unknown,IG @meandem,Large scale (mature),Major UK DTC — older than 5yrs,No,medium,https://meandem.com,,invalid_json,No,,,,No,No,No,,,no_linkedin_or_careers_page; product_count_unknown_not_shopify_or_blocked,exclude,No
Meadowfarm,https://www.meadowfarm.co.uk,Beauty,UK,Unknown,Unknown,Unknown,Unknown,Unknown,Unknown,Unknown,Unknown,Not disclosed,Independent British beauty (C&TH list); verify domain,No,medium,https://www.meadowfarm.co.uk,,not_shopify_or_blocked:0,No,,,,No,No,No,,,no_linkedin_or_careers_page; product_count_unknown_not_shopify_or_blocked,exclude,No
Medik8,https://www.medik8.com,Beauty,UK,2009,Unknown,Yes,Unknown,Unknown,Unknown,Unknown,IG @medik8,Large; L'Oréal deal reported,Science skincare (older),No,medium,https://www.medik8.com,,not_shopify_or_blocked:429,No,,,,No,No,No,,,no_linkedin_or_careers_page; product_count_unknown_not_shopify_or_blocked,exclude,No
MELAWEAR,https://melawear.de,Clothing,Germany,Unknown,Unknown,Unknown,Unknown,Unknown,Unknown,Unknown,Unknown,Unknown,German fair fashion,Unknown,low,https://melawear.de,,not_shopify_or_blocked:429,No,,,,No,No,No,,,no_linkedin_or_careers_page; product_count_unknown_not_shopify_or_blocked,exclude,No
Mermaid+Me,https://www.mermaidandme.com,Beauty,Germany,Unknown,Unknown,Partial,Unknown,Unknown,Unknown,Unknown,Instagram @mermaidandme,Unknown,German DTC haircare.,No,medium,https://www.mermaidandme.com,,not_shopify_or_blocked:0,No,,,,No,No,No,,,no_linkedin_or_careers_page; product_count_unknown_not_shopify_or_blocked,exclude,No
Miaou,https://miaou.com,Clothing,France/US,2016,Unknown,Yes,Unknown,Unknown,Unknown,Unknown,IG @miaou,Unknown,French-rooted femme sets,No,medium,https://miaou.com,,not_shopify_or_blocked:429,No,,,,No,No,No,,,no_linkedin_or_careers_page; product_count_unknown_not_shopify_or_blocked,exclude,No
Michaela V,https://michaelav.com,Shoes,UK,Unknown,Unknown,Unknown,Unknown,Unknown,Unknown,Unknown,Unknown,Unknown,UK shoe startup list,Unknown,low,https://michaelav.com,,not_shopify_or_blocked:429,No,,,,No,No,No,,,no_linkedin_or_careers_page; product_count_unknown_not_shopify_or_blocked,exclude,No
Miyé,https://www.miye.care,Beauty,France,2020,Unknown,Partial,Unknown,Unknown,Unknown,Unknown,Unknown,~€215k in 2021 (early press),Hormone-wellness skincare; Pierre Fabre minority stake 2023.,Yes,medium,https://www.miye.care,,not_shopify_or_blocked:429,No,,,,No,No,No,,,no_linkedin_or_careers_page; product_count_unknown_not_shopify_or_blocked,exclude,No
Monpure,https://monpure.com,Beauty,UK,Unknown,Unknown,Unknown,Unknown,Unknown,Unknown,Unknown,Unknown,Unknown,B Corp scalp/hair,Unknown,medium,https://monpure.com,,not_shopify_or_blocked:429,No,,,,No,No,No,,,no_linkedin_or_careers_page; product_count_unknown_not_shopify_or_blocked,exclude,No
Mowalola,https://mowalola.com,Clothing,UK,2017,Unknown,Unknown,Unknown,Yes,Unknown,Unknown,IG @mowalola,Unknown,London designer,No,medium,https://mowalola.com,96,shopify_products.json pages=1,No,,,,Yes,No,Yes,hiring_manager_on_linkedin=Yes,,,medium,Yes
Musier Paris,https://musier.com,Clothing,France,Unknown,Unknown,Unknown,Unknown,Unknown,Unknown,Unknown,IG @musierparis,Unknown,French influencer-led,Unknown,medium,https://musier.com,,not_shopify_or_blocked:429,No,,,,No,No,No,,,no_linkedin_or_careers_page; product_count_unknown_not_shopify_or_blocked,exclude,No
NA-KD,https://www.na-kd.com,Clothing,Sweden,2015,Unknown,Yes,Unknown,Unknown,Unknown,Unknown,Instagram @nakdfashion,Unknown,Swedish digital fashion house.,No,medium,https://www.na-kd.com,,not_shopify_or_blocked:404,No,,,,No,No,No,,,no_linkedin_or_careers_page; product_count_unknown_not_shopify_or_blocked,exclude,No
Nabla Cosmetics,https://nablacosmetics.com,Beauty,Italy,2014,Unknown,Yes,Unknown,Unknown,Unknown,Unknown,IG @nablacosmetics,Unknown,Italian indie makeup,No,medium,https://nablacosmetics.com,,not_shopify_or_blocked:429,No,,,,No,No,No,,,no_linkedin_or_careers_page; product_count_unknown_not_shopify_or_blocked,exclude,No
Nadine Merabi,https://nadinemerabi.com,Clothing,UK,2015,Unknown,Yes,Unknown,Unknown,Unknown,Unknown,IG @nadinemerabi,Unknown,Drapers Buzz Brand; occasionwear,No,medium,https://nadinemerabi.com,274,shopify_products.json pages=2,No,,,,No,No,No,,,no_linkedin_or_careers_page,exclude,No
Nami Naturale,https://naminaturale.com,Beauty,Ireland,2020,1,Unknown,Unknown,Unknown,Unknown,Unknown,Unknown,Unknown,Cavan organic vegan handmade Irish skincare.,Yes,medium,https://naminaturale.com,,not_shopify_or_blocked:0,No,,,,Yes,No,Yes,linkedin_employees=1,,product_count_unknown_not_shopify_or_blocked,exclude,No
Native Denims,https://nativedenims.com,Clothing,Ireland,Unknown,Unknown,Unknown,Unknown,Unknown,Unknown,Unknown,Unknown,Unknown,Irish denim brand mention,Unknown,low,https://nativedenims.com,,not_shopify_or_blocked:202,No,,,,No,No,No,,,no_linkedin_or_careers_page; product_count_unknown_not_shopify_or_blocked,exclude,No
Naturally Tiwa Skincare,https://naturallytiwaskincare.com,Beauty,UK,Unknown,5,Unknown,Unknown,Yes,Unknown,Unknown,LI company/naturally-tiwa,Unknown,B Corp; Milton Keynes,Partial,medium,https://naturallytiwaskincare.com,18,shopify_products.json pages=1,Yes,store locator,store locator,,Yes,No,Yes,linkedin_employees=5; hiring_manager_on_linkedin=Yes; LI company/naturally-tiwa,,physical_store_or_other_retailer_signal; product_count_18_not_over_30,exclude,No
Needle & Thread,https://www.needleandthread.com,Clothing,UK,2013,Unknown,Yes,Unknown,Unknown,Unknown,Unknown,Instagram @needleandthreadlondon,Not disclosed,Founder Hannah Coffin; London embellished occasionwear,No,medium,https://www.needleandthread.com,1054,shopify_products.json pages=5,No,,,,No,No,No,,,no_linkedin_or_careers_page,exclude,No
Neom Organics,https://neomorganics.com,Beauty,UK,2008,Unknown,Yes,Unknown,Unknown,Unknown,Unknown,IG @neomorganics,Mature brand,UK wellbeing/beauty,No,medium,https://neomorganics.com,,not_shopify_or_blocked:429,No,,,,No,No,No,,,no_linkedin_or_careers_page; product_count_unknown_not_shopify_or_blocked,exclude,No
Neous,https://neous.co.uk,Shoes,UK,2017,Unknown,Yes,Unknown,Unknown,Unknown,Unknown,IG @neous,Unknown,Sculptural luxury footwear,No,medium,https://neous.co.uk,,not_shopify_or_blocked:429,No,,,,No,No,No,,,no_linkedin_or_careers_page; product_count_unknown_not_shopify_or_blocked,exclude,No
Nesavaali London,https://nesavaali.com,Clothing,UK,Unknown,Unknown,Unknown,Unknown,Unknown,None found,None found,Unknown,Not disclosed,London design; Indian regional craft; Wolf & Badger,No,medium,https://nesavaali.com,,not_shopify_or_blocked:429,No,,,,No,No,No,,,no_linkedin_or_careers_page; product_count_unknown_not_shopify_or_blocked,exclude,No
Never Fully Dressed,https://neverfullydressed.com,Clothing,UK,2011,Unknown,Yes,Unknown,Unknown,Unknown,Unknown,IG @neverfullydressed,Unknown,Drapers Buzz Brand,No,medium,https://neverfullydressed.com,250,shopify_products.json capped_at_5000,No,,,,No,No,No,,,no_linkedin_or_careers_page,exclude,No
Nicki Hoyne,https://nickihoyne.com,Shoes,Ireland,2020,Unknown,Yes,Unknown,Unknown,Unknown,Unknown,Instagram @nickihoyne,Unknown,Irish B Corp women’s footwear; made Spain/Portugal.,Yes,medium,https://nickihoyne.com,,not_shopify_or_blocked:429,No,,,,No,No,No,,,no_linkedin_or_careers_page; product_count_unknown_not_shopify_or_blocked,exclude,No
NIKIN,https://nikin.ch,Clothing,Switzerland,2016,Unknown,Yes,Unknown,Unknown,Unknown,Unknown,Unknown,Unknown,Swiss tree-planting apparel,No,medium,https://nikin.ch,,not_shopify_or_blocked:429,No,,,,No,No,No,,,no_linkedin_or_careers_page; product_count_unknown_not_shopify_or_blocked,exclude,No
Nina Rein,https://ninarein.com,Clothing,Germany,Unknown,Unknown,Unknown,Unknown,Unknown,Unknown,Unknown,Unknown,Unknown,Good On You Germany list,Unknown,low,https://ninarein.com,,not_shopify_or_blocked:429,No,,,,No,No,No,,,no_linkedin_or_careers_page; product_count_unknown_not_shopify_or_blocked,exclude,No
Nobody's Child,https://nobodyschild.com,Clothing,UK,2015,Unknown,Yes,Unknown,Unknown,Unknown,Unknown,IG @nobodyschild,Unknown,Sustainable accessible UK fashion; London sustainable accessible womenswear; stores,No,medium,https://nobodyschild.com,,not_shopify_or_blocked:429,No,,,,No,No,No,,,no_linkedin_or_careers_page; product_count_unknown_not_shopify_or_blocked,exclude,No
Noctu,https://noctu.co.uk,Clothing,UK,2009,Unknown,Yes,Unknown,Unknown,Unknown,Unknown,Instagram @noctu,Not disclosed,Founder Vicki Woods; Bath contemporary womenswear,No,medium,https://noctu.co.uk,,not_shopify_or_blocked:404,No,,,,No,No,No,,,no_linkedin_or_careers_page; product_count_unknown_not_shopify_or_blocked,exclude,No
Nodaleto,https://nodaleto.com,Shoes,France,2019,Unknown,Yes,Unknown,Unknown,Unknown,Unknown,IG @nodaleto,Unknown,Paris cult heels,Partial,medium,https://nodaleto.com,,not_shopify_or_blocked:429,No,,,,No,No,No,,,no_linkedin_or_careers_page; product_count_unknown_not_shopify_or_blocked,exclude,No
Nomasei,https://nomasei.com,Shoes,France,Unknown,Unknown,Unknown,Unknown,Unknown,Unknown,Unknown,Unknown,Unknown,French shoe brand (ELLE),Unknown,low,https://nomasei.com,143,shopify_products.json pages=1,No,,,,No,No,No,,,no_linkedin_or_careers_page,exclude,No
Nordenstjerne,https://nordenstjerne.com,Clothing,Denmark,2021,Unknown,Yes,Unknown,Unknown,Unknown,Unknown,Unknown,Unknown,Copenhagen transparency-focused fashion.,Yes,medium,https://nordenstjerne.com,,not_shopify_or_blocked:0,No,,,,No,No,No,,,no_linkedin_or_careers_page; product_count_unknown_not_shopify_or_blocked,exclude,No
noszesztuke,https://noszesztuke.com,Clothing,Poland,Unknown,Unknown,Partial,Unknown,Unknown,Unknown,Unknown,Unknown,Unknown,Polish made-to-order slow fashion.,No,medium,https://noszesztuke.com,,not_shopify_or_blocked:429,No,,,,No,No,No,,,no_linkedin_or_careers_page; product_count_unknown_not_shopify_or_blocked,exclude,No
Nothing New,https://nothingnew.com,Shoes,US/EU sales,Unknown,Unknown,Yes,Unknown,Unknown,Unknown,Unknown,Unknown,Unknown,Recycled sneakers (TechRound list),Unknown,low,https://nothingnew.com,231,shopify_products.json pages=1,No,,,,No,No,No,,,no_linkedin_or_careers_page,exclude,No
notwoways,https://notwoways.com,Shoes,UK,2020,Unknown,Yes,Unknown,Unknown,Unknown,Unknown,Instagram @notwoways,Not disclosed,UK independent sneaker brand; ships worldwide stated on site,No,medium,https://notwoways.com,,not_shopify_or_blocked:429,No,,,,No,No,No,,,no_linkedin_or_careers_page; product_count_unknown_not_shopify_or_blocked,exclude,No
NRBY,https://nrbyclothing.com,Clothing,UK,2019,13,Unknown,Unknown,Yes,Unknown,Unknown,LinkedIn nrby-clothing,Not disclosed,Founded by Jo Hooper (ex-John Lewis); natural fabrics,No,medium,https://nrbyclothing.com,594,shopify_products.json pages=3,Yes,john lewis; our stores,mon-sun; our stores,john lewis,Yes,No,Yes,linkedin_employees=13; hiring_manager_on_linkedin=Yes,,physical_store_or_other_retailer_signal,exclude,No
Nuba,https://nuba.com,Clothing,UK,Unknown,Unknown,Unknown,Unknown,Yes,Unknown,Unknown,Unknown,Unknown,Cameron Williams; Drapers 2025,Unknown,low,https://nuba.com,,invalid_json,No,,,,Yes,No,Yes,hiring_manager_on_linkedin=Yes,,product_count_unknown_not_shopify_or_blocked,exclude,No
Nursem,https://www.nursem.co.uk,Beauty,UK,2019,Unknown,Yes,Unknown,Unknown,Unknown,Unknown,Instagram @nursem,Unknown,Hand/body care by nurse Antonia Philp; Boots.,Yes,medium,https://www.nursem.co.uk,,not_shopify_or_blocked:429,Yes,,,boots,No,No,No,,,no_linkedin_or_careers_page; physical_store_or_other_retailer_signal; product_count_unknown_not_shopify_or_blocked,exclude,No
Nyrah Beauty,https://nyrahbeauty.com,Beauty,Ireland,2020,Unknown,Yes,Unknown,Unknown,Unknown,Unknown,Instagram @nyrahbeauty,Unknown,Co. Mayo plant-based vegan skincare.,Yes,medium,https://nyrahbeauty.com,,not_shopify_or_blocked:429,No,,,,No,No,No,,,no_linkedin_or_careers_page; product_count_unknown_not_shopify_or_blocked,exclude,No
O Pioneers,https://opioneers.co.uk,Clothing,UK,2019,2,Unknown,Unknown,Yes,None found,None found,LinkedIn o-pioneers; Instagram @opioneers,Not disclosed,Female-founded London label; Liberty print dresses made in UK,No,medium,https://opioneers.co.uk,83,shopify_products.json pages=1,Yes,liberty,visit us in store,liberty,Yes,No,Yes,linkedin_employees=2; hiring_manager_on_linkedin=Yes,,physical_store_or_other_retailer_signal,exclude,No
Object,https://www.object.com,Clothing,Denmark,Unknown,Unknown,Yes,Unknown,Unknown,Unknown,Unknown,Unknown,Unknown,Bestseller Group,No,medium,https://www.object.com,,not_shopify_or_blocked:404,No,,,,No,No,No,,,no_linkedin_or_careers_page; product_count_unknown_not_shopify_or_blocked,exclude,No
Obvs Skincare,https://obvs-skincare.co.uk,Beauty,UK,2021,Unknown,Yes,Unknown,Unknown,Unknown,Unknown,Instagram @obvsskincare,Unknown,COSMOS Organic & Vegan acne/eczema skincare.,Yes,medium,https://obvs-skincare.co.uk,,not_shopify_or_blocked:429,No,,,,No,No,No,,,no_linkedin_or_careers_page; product_count_unknown_not_shopify_or_blocked,exclude,No
Oceans Apart,https://oceansapart.com,Clothing,Germany,2017,Unknown,Yes,Unknown,Unknown,Unknown,Unknown,Instagram @oceansapart,Unknown,German women’s activewear DTC.,No,medium,https://oceansapart.com,,not_shopify_or_blocked:429,No,,,,No,No,No,,,no_linkedin_or_careers_page; product_count_unknown_not_shopify_or_blocked,exclude,No
Oceanus The Label,https://oceanusthelabel.com,Mixed,UK,2018,Unknown,Yes,Unknown,Unknown,Unknown,Unknown,Instagram @oceanusthelabel,Not disclosed,Founder Hannah Attalah; swim/resort; Carnaby Street store reported,No,medium,https://oceanusthelabel.com,,not_shopify_or_blocked:429,No,,,,No,No,No,,,no_linkedin_or_careers_page; product_count_unknown_not_shopify_or_blocked,exclude,No
Odd Muse,https://oddmuse.co.uk,Clothing,UK,2020,35,Yes,Unknown,Yes,Unknown,Unknown,IG @oddmuse,Unknown,Aimee Smale founder; Drapers; Founder Aimee Smale; London luxury womenswear,Partial,medium,https://oddmuse.co.uk,249,shopify_products.json pages=1,No,,,,Yes,No,Yes,linkedin_employees=35; hiring_manager_on_linkedin=Yes,,,medium,Yes
Oden,https://oden.fr,Beauty,France,Unknown,Unknown,Unknown,Unknown,Unknown,Unknown,Unknown,Unknown,Unknown,French indie skincare,Unknown,low,https://oden.fr,,not_shopify_or_blocked:429,No,,,,No,No,No,,,no_linkedin_or_careers_page; product_count_unknown_not_shopify_or_blocked,exclude,No
Oh My Cream,https://www.ohmycream.com,Beauty,France,2012,Unknown,Yes,Unknown,Unknown,Unknown,Unknown,Unknown,Unknown,French beauty retailer/brand ecosystem,No,medium,https://www.ohmycream.com,,not_shopify_or_blocked:429,No,,,,No,No,No,,,no_linkedin_or_careers_page; product_count_unknown_not_shopify_or_blocked,exclude,No
OMNES,https://www.omnes.com,Clothing,UK,2021,Unknown,Unknown,Unknown,Unknown,Unknown,Unknown,Instagram @omnes,Not disclosed,London brand; Michael Williams founder cited in directories; verify domain,No,medium,https://www.omnes.com,,not_shopify_or_blocked:429,No,,,,No,No,No,,,no_linkedin_or_careers_page; product_count_unknown_not_shopify_or_blocked,exclude,No
Omri,https://omri-lab.com,Beauty,France,Unknown,Unknown,Unknown,Unknown,Unknown,Unknown,Unknown,Unknown,Unknown,French multi-use balms,Unknown,low,https://omri-lab.com,,not_shopify_or_blocked:429,No,,,,No,No,No,,,no_linkedin_or_careers_page; product_count_unknown_not_shopify_or_blocked,exclude,No
On The Wild Side,https://onthewildsidecosmetics.com,Beauty,France,Unknown,Unknown,Yes,Unknown,Unknown,Unknown,Unknown,Instagram @onthewildside.cosmetics,Unknown,French wild-plant skincare; Sephora/EU + DTC.,No,medium,https://onthewildsidecosmetics.com,42,shopify_products.json pages=1,Yes,,,sephora,No,No,No,,,no_linkedin_or_careers_page; physical_store_or_other_retailer_signal,exclude,No
Onateri,https://onateri.com,Clothing,UK,Unknown,Unknown,Unknown,Unknown,Unknown,Unknown,Unknown,Unknown,Unknown,Emerging UK (press mention),Unknown,low,https://onateri.com,,not_shopify_or_blocked:404,No,,,,No,No,No,,,no_linkedin_or_careers_page; product_count_unknown_not_shopify_or_blocked,exclude,No
Oner Active,https://oneractive.com,Clothing,UK,2021,Unknown,Yes,Unknown,Unknown,Unknown,Unknown,Instagram @oneractive,Not disclosed,Founder Krissy Cela; London activewear,No,medium,https://oneractive.com,,not_shopify_or_blocked:429,No,,,,No,No,No,,,no_linkedin_or_careers_page; product_count_unknown_not_shopify_or_blocked,exclude,No
Only,https://www.only.com,Clothing,Denmark,Unknown,Unknown,Yes,Unknown,Unknown,Unknown,Unknown,Unknown,Unknown,Bestseller Group,No,medium,https://www.only.com,,not_shopify_or_blocked:404,No,,,,No,No,No,,,no_linkedin_or_careers_page; product_count_unknown_not_shopify_or_blocked,exclude,No
Ophéo,https://opheo.co,Beauty,France,2021,Unknown,Unknown,Unknown,Unknown,Unknown,Unknown,Unknown,Unknown,Corsican natural skincare,Partial,medium,https://opheo.co,,not_shopify_or_blocked:429,No,,,,No,No,No,,,no_linkedin_or_careers_page; product_count_unknown_not_shopify_or_blocked,exclude,No
Orbasics,https://orbasics.com,Clothing,Germany,Unknown,Unknown,Unknown,Unknown,Unknown,Unknown,Unknown,Unknown,Unknown,German basics,Unknown,low,https://orbasics.com,,not_shopify_or_blocked:429,No,,,,No,No,No,,,no_linkedin_or_careers_page; product_count_unknown_not_shopify_or_blocked,exclude,No
OSKIA,https://oskiaskincare.com,Beauty,UK,Unknown,Unknown,Yes,Unknown,Unknown,Unknown,Unknown,Instagram @oskiaskincare,Not disclosed,British premium indie skincare,No,medium,https://oskiaskincare.com,,not_shopify_or_blocked:429,No,,,,No,No,No,,,no_linkedin_or_careers_page; product_count_unknown_not_shopify_or_blocked,exclude,No
P.Louise,https://www.plouise.co.uk,Beauty,UK,2014,Unknown,Yes,Unknown,Unknown,Unknown,Unknown,Instagram/TikTok @plouise_makeup,~£71m (Fast Track),Manchester viral makeup; outside preferred founding window.,No,medium,https://www.plouise.co.uk,,not_shopify_or_blocked:429,No,,,,No,No,No,,,no_linkedin_or_careers_page; product_count_unknown_not_shopify_or_blocked,exclude,No
Pai Skincare,https://www.paiskincare.com,Beauty,UK,Unknown,Unknown,Yes,Unknown,Unknown,Unknown,Unknown,Instagram @paiskincare,Not disclosed,British independent sensitive-skin organic skincare,No,medium,https://www.paiskincare.com,,not_shopify_or_blocked:429,No,,,,No,No,No,,,no_linkedin_or_careers_page; product_count_unknown_not_shopify_or_blocked,exclude,No
Palava,https://www.palava.co,Clothing,UK,2015,4,Yes,Unknown,Unknown,None found,None found,Instagram @wearepalava,Not disclosed,Founder Bryony Richardson; UK-made; team of four reported,No,medium,https://www.palava.co,943,shopify_products.json pages=4,Yes,harvey nichols; stockists,visit us in store,,Yes,No,Yes,linkedin_employees=4,,physical_store_or_other_retailer_signal,exclude,No
Pangaia,https://pangaia.com,Clothing,UK,2018,Unknown,Yes,Unknown,Unknown,Unknown,Unknown,Instagram @pangaia,Not disclosed,London materials-science fashion collective,No,medium,https://pangaia.com,,not_shopify_or_blocked:429,No,,,,No,No,No,,,no_linkedin_or_careers_page; product_count_unknown_not_shopify_or_blocked,exclude,No
Panier des Sens,https://panierdessens.com,Beauty,France,Older,Unknown,Yes,Unknown,Unknown,Unknown,Unknown,Unknown,Unknown,Provence beauty (supports La Crique),No,medium,https://panierdessens.com,276,shopify_products.json pages=2,No,,,,No,No,No,,,no_linkedin_or_careers_page,exclude,No
Paper London,https://paperlondon.com,Mixed,UK,2011,Unknown,Yes,Unknown,Unknown,Unknown,Unknown,Instagram @paperlondon,Not disclosed,Founders Kelly Townsend & Phillipa Thackeray; swim/RTW,No,medium,https://paperlondon.com,,not_shopify_or_blocked:429,No,,,,No,No,No,,,no_linkedin_or_careers_page; product_count_unknown_not_shopify_or_blocked,exclude,No
Paris Texas,https://paristexas.it,Shoes,Italy,Unknown,Unknown,Yes,Unknown,Unknown,Unknown,Unknown,IG @paristexas_it,Unknown,Italian footwear brand,Unknown,medium,https://paristexas.it,434,shopify_products.json pages=2,No,,,,No,No,No,,,no_linkedin_or_careers_page,exclude,No
Peachaus,https://peachaus.com,Clothing,UK,2021,1-10,Yes,Unknown,Yes,Unknown,Unknown,LinkedIn peachaus; Instagram @peachaus,Not disclosed,Founder Gillian Ridley Whittle; ethical lingerie; Covent Garden boutique,No,medium,https://peachaus.com,140,shopify_products.json pages=1,Yes,wholesale,,,Yes,No,Yes,linkedin_employees=1-10; hiring_manager_on_linkedin=Yes,,physical_store_or_other_retailer_signal,exclude,No
Peachy Den,https://peachyden.com,Clothing,UK,2019,17,Yes,Unknown,Yes,Careers mentioned on LinkedIn company page,Unknown,IG @peachyden,Seven-figure profits reported (press),Forbes 30 Under 30 founder Isabella Weatherby; Active London DTC; founder Isabella Weatherby on LinkedIn/Forbes,Partial,medium,https://peachyden.com,,not_shopify_or_blocked:0,No,,,,Yes,No,Yes,linkedin_employees=17; hiring_manager_on_linkedin=Yes,,product_count_unknown_not_shopify_or_blocked,exclude,No
Petite Mendigote,https://petitemendigote.com,Clothing,France,2003,Unknown,Unknown,Unknown,Unknown,Unknown,Unknown,Unknown,Unknown,Parisian (older),No,medium,https://petitemendigote.com,522,shopify_products.json pages=3,No,,,,No,No,No,,,no_linkedin_or_careers_page,exclude,No
Pieces,https://www.pieces.com,Clothing,Denmark,Unknown,Unknown,Yes,Unknown,Unknown,Unknown,Unknown,Unknown,Unknown,Bestseller accessories/apparel,No,medium,https://www.pieces.com,,not_shopify_or_blocked:404,No,,,,No,No,No,,,no_linkedin_or_careers_page; product_count_unknown_not_shopify_or_blocked,exclude,No
pinqponq,https://pinqponq.com,Mixed,Germany,Unknown,Unknown,Yes,Unknown,Unknown,Unknown,Unknown,Unknown,Unknown,Bags from recycled plastic (adjacent),Unknown,medium,https://pinqponq.com,,not_shopify_or_blocked:429,No,,,,No,No,No,,,no_linkedin_or_careers_page; product_count_unknown_not_shopify_or_blocked,exclude,No
Pippa of London,https://pippaoflondon.co.uk,Beauty,UK,2017,16,Yes,Unknown,Yes,Unknown,Unknown,LI company/pippaoflondon,Unknown,Makeup; LI 16 employees,No,medium,https://pippaoflondon.co.uk,171,shopify_products.json pages=1,No,,,,Yes,No,Yes,linkedin_employees=16; hiring_manager_on_linkedin=Yes; LI company/pippaoflondon,,,medium,Yes
Pistol Panties,https://pistolpanties.com,Clothing,UK,2004,Unknown,Unknown,Unknown,Unknown,Unknown,Unknown,Instagram @pistolpanties,Not disclosed,Founder Deborah Fleming; Notting Hill; luxury swim,No,medium,https://pistolpanties.com,,not_shopify_or_blocked:429,No,,,,No,No,No,,,no_linkedin_or_careers_page; product_count_unknown_not_shopify_or_blocked,exclude,No
Plantmade,https://weareplantmade.com,Beauty,UK,2020,Unknown,Partial,Unknown,Unknown,Unknown,Unknown,Instagram @weareplantmade; TikTok Shop active,On track ~GBP 11m (2023 press),Founder Ama Amo-Agyei; Reading; Sunday Times Fast Track cited,No,medium,https://weareplantmade.com,,not_shopify_or_blocked:429,No,,,,No,No,No,,,no_linkedin_or_careers_page; product_count_unknown_not_shopify_or_blocked,exclude,No
Pleasing,https://pleasing.com,Beauty,UK,2022,Unknown,Yes,Unknown,Unknown,Unknown,Unknown,IG @pleasing,Unknown,Harry Styles beauty (London launch),Partial,medium,https://pleasing.com,,not_shopify_or_blocked:429,No,,,,No,No,No,,,no_linkedin_or_careers_page; product_count_unknown_not_shopify_or_blocked,exclude,No
Plenaire,https://www.plenaire.co,Beauty,UK,2020,Unknown,Yes,Unknown,Unknown,Unknown,Unknown,Instagram @plenaire,Unknown,Carbon-neutral vegan skincare; B Corp.,Yes,medium,https://www.plenaire.co,,not_shopify_or_blocked:429,No,,,,No,No,No,,,no_linkedin_or_careers_page; product_count_unknown_not_shopify_or_blocked,exclude,No
Po-Zu,https://po-zu.com,Shoes,UK,2008,Unknown,Yes,Unknown,Unknown,Unknown,Unknown,Unknown,Unknown,Ethical footwear UK (older),No,medium,https://po-zu.com,,invalid_json,No,,,,No,No,No,,,no_linkedin_or_careers_page; product_count_unknown_not_shopify_or_blocked,exclude,No
Polène,https://www.polene-paris.com,Mixed,France,2016,Unknown,Yes,Unknown,Unknown,Unknown,Unknown,Instagram @polene_paris,Unknown,Paris leather goods DTC.,No,medium,https://www.polene-paris.com,427,shopify_products.json pages=2,No,,,,No,No,No,,,no_linkedin_or_careers_page,exclude,No
Pomponne,https://pomponne-makeup.com,Beauty,France,2020,Unknown,Partial,Unknown,Unknown,Unknown,Unknown,Instagram @pomponne.makeup,Unknown,French clean makeup; Ulule success; made in France.,Yes,medium,https://pomponne-makeup.com,98,shopify_products.json pages=1,No,,,,No,No,No,,,no_linkedin_or_careers_page,exclude,No
Pond London,https://pond.london,Clothing,UK,Unknown,Unknown,Unknown,Unknown,Unknown,Unknown,Unknown,Unknown,Unknown,WWW female-founded list,Unknown,low,https://pond.london,,not_shopify_or_blocked:0,No,,,,No,No,No,,,no_linkedin_or_careers_page; product_count_unknown_not_shopify_or_blocked,exclude,No
Project Harmless,https://projectharmless.com,Beauty,UK,Unknown,Unknown,Unknown,Unknown,Unknown,Unknown,Unknown,Unknown,Unknown,Sustainable apothecary UK,Unknown,low,https://projectharmless.com,,not_shopify_or_blocked:429,No,,,,No,No,No,,,no_linkedin_or_careers_page; product_count_unknown_not_shopify_or_blocked,exclude,No
Purally,https://purally.com,Beauty,France,2019,Unknown,Unknown,Unknown,Unknown,Unknown,Unknown,Unknown,Unknown,French anti-pollution skincare DTC.,Yes,medium,https://purally.com,,not_shopify_or_blocked:0,No,,,,No,No,No,,,no_linkedin_or_careers_page; product_count_unknown_not_shopify_or_blocked,exclude,No
Queens of Archive,https://queensofarchive.com,Clothing,UK,Unknown,Unknown,Unknown,Unknown,Unknown,Unknown,Unknown,IG @queensofarchive,Unknown,UK vintage-inspired; Nicola Orme,Unknown,medium,https://queensofarchive.com,,not_shopify_or_blocked:429,No,,,,No,No,No,,,no_linkedin_or_careers_page; product_count_unknown_not_shopify_or_blocked,exclude,No
Rat & Boa,https://ratandboa.com,Clothing,UK,2015,Unknown,Yes,Unknown,Unknown,Unknown,Unknown,IG @ratandboa,Unknown,UK partywear indie; British mid-level indie womenswear (ELLE),No,medium,https://ratandboa.com,,not_shopify_or_blocked:429,No,,,,No,No,No,,,no_linkedin_or_careers_page; product_count_unknown_not_shopify_or_blocked,exclude,No
REER3,https://reer3.com,Clothing,Germany,Unknown,Unknown,Unknown,Unknown,Unknown,Unknown,Unknown,Unknown,Unknown,German sustainable,Unknown,low,https://reer3.com,,not_shopify_or_blocked:409,No,,,,No,No,No,,,no_linkedin_or_careers_page; product_count_unknown_not_shopify_or_blocked,exclude,No
REFY Beauty,https://refybeauty.com,Beauty,UK,2020,106,Yes,Unknown,Yes,Hiring Creative and Digital roles mentioned publicly,Unknown,IG @refybeauty,~£40.4m (Fast Track reported),Manchester makeup; Fast Track ~£40.4m sales reported; Founders Jess Hunt & Jenna Meek; Manchester; Sephora/Selfridges,Partial,medium,https://refybeauty.com,60,shopify_products.json pages=1,Yes,retail partners; selfridges; sephora; space nk; stockists,,selfridges; sephora,Yes,No,Yes,linkedin_employees=106; hiring_manager_on_linkedin=Yes,,physical_store_or_other_retailer_signal,exclude,No
REHAB. Your Hair,https://rehabyourhair.com,Beauty,UK,2022,Unknown,Yes,Unknown,Unknown,Unknown,Unknown,Instagram @rehabyourhair,Unknown,London hair oil capsules brand.,Yes,medium,https://rehabyourhair.com,,not_shopify_or_blocked:429,No,,,,No,No,No,,,no_linkedin_or_careers_page; product_count_unknown_not_shopify_or_blocked,exclude,No
Reiss,https://www.reiss.com,Clothing,UK,1971,Unknown,Yes,Unknown,Unknown,Unknown,Unknown,Unknown,Unknown,UK (older/larger) — included for completeness only,No,medium,https://www.reiss.com,,not_shopify_or_blocked:404,No,,,,No,No,No,,,no_linkedin_or_careers_page; product_count_unknown_not_shopify_or_blocked,exclude,No
RELR,https://relr.co.uk,Clothing,UK,2021,3,Yes,Unknown,Yes,None found,None found,LI company/elr-style,>£1.3m gross first 18 months (founder claim),CH 13296537 Active,No,high,https://relr.co.uk,84,shopify_products.json pages=1,No,,,,Yes,No,Yes,linkedin_employees=3; hiring_manager_on_linkedin=Yes; LI company/elr-style,,,medium,Yes
REMAIN Birger Christensen,https://remainbirgerchristensen.com,Clothing,Denmark,2018,Unknown,Yes,Unknown,Unknown,Unknown,Unknown,Instagram @remainbirgerchristensen,Unknown,Copenhagen elevated basics.,No,medium,https://remainbirgerchristensen.com,,not_shopify_or_blocked:0,No,,,,No,No,No,,,no_linkedin_or_careers_page; product_count_unknown_not_shopify_or_blocked,exclude,No
Respire,https://respire.co,Beauty,France,2019,Unknown,Yes,Unknown,Unknown,Unknown,Unknown,IG @respire,Pharmacy channel scale,Natural personal care Paris,Partial,medium,https://respire.co,,not_shopify_or_blocked:429,No,,,,No,No,No,,,no_linkedin_or_careers_page; product_count_unknown_not_shopify_or_blocked,exclude,No
REYÈM,https://www.reyem.shop,Clothing,Netherlands,2019,Unknown,Yes,Unknown,Unknown,Unknown,Unknown,Unknown,Unknown,Amsterdam womenswear; made NL/Portugal.,Yes,medium,https://www.reyem.shop,,not_shopify_or_blocked:429,No,,,,No,No,No,,,no_linkedin_or_careers_page; product_count_unknown_not_shopify_or_blocked,exclude,No
Rhea.,https://rheastore.co,Clothing,Netherlands,2024,5,Partial,Unknown,Yes,None found,None found,IG @rheastore.official; LI company/rheastore,Not disclosed,NL warehouse; ships most intl except UK/US/Asia/AU,Yes,high,https://rheastore.co,218,shopify_products.json pages=1,No,,,,Yes,No,Yes,linkedin_employees=5; hiring_manager_on_linkedin=Yes; LI company/rheastore,,,medium,Yes
Rhug Wild Beauty,https://www.rhug.co.uk,Beauty,UK,Unknown,Unknown,Unknown,Unknown,Unknown,Unknown,Unknown,Unknown,Not disclosed,British beauty from Rhug Estate (Wales); C&TH list,No,medium,https://www.rhug.co.uk,,not_shopify_or_blocked:404,No,,,,No,No,No,,,no_linkedin_or_careers_page; product_count_unknown_not_shopify_or_blocked,exclude,No
Rixo,https://rixo.co.uk,Clothing,UK,2015,Unknown,Yes,Unknown,Unknown,Unknown,Unknown,IG @rixo,Unknown,UK vintage-inspired dresses; LCF founders; Founders Orlagh & Henrietta; LCF origins,No,medium,https://rixo.co.uk,,not_shopify_or_blocked:429,No,,,,No,No,No,,,no_linkedin_or_careers_page; product_count_unknown_not_shopify_or_blocked,exclude,No
Ro&Zo,https://roandzo.com,Clothing,UK,2020,20-31,Yes,Unknown,Yes,Unknown,Unknown,LI company/ro-zo,£7.6m turnover reported,CH 12929859 Active,No,high,https://roandzo.com,749,shopify_products.json pages=3,Yes,arnotts; brown thomas; john lewis; marks & spencer; nordstrom; selfridges; stockists; wholesale; zalando,,,Yes,No,Yes,linkedin_employees=20-31; hiring_manager_on_linkedin=Yes; LI company/ro-zo,,physical_store_or_other_retailer_signal,exclude,No
Rodebjer,https://rodebjer.com,Clothing,Sweden,1999,Unknown,Yes,Unknown,Unknown,Unknown,Unknown,Unknown,Unknown,Swedish womenswear,No,medium,https://rodebjer.com,,not_shopify_or_blocked:429,No,,,,No,No,No,,,no_linkedin_or_careers_page; product_count_unknown_not_shopify_or_blocked,exclude,No
Rosamund Muir,https://rosamundmuir.com,Shoes,UK,2020,Unknown,Unknown,Unknown,Unknown,None found,None found,Unknown,Not disclosed,Slow fashion zero-waste heels; surplus Italian leather; Drapers shortlisted,No,medium,https://rosamundmuir.com,,not_shopify_or_blocked:429,No,,,,No,No,No,,,no_linkedin_or_careers_page; product_count_unknown_not_shopify_or_blocked,exclude,No
Rosental Organics,https://www.rosental.de,Beauty,Germany,Unknown,Unknown,Partial,Unknown,Unknown,Unknown,Unknown,Unknown,Unknown,German natural beauty brand.,No,medium,https://www.rosental.de,,not_shopify_or_blocked:429,No,,,,No,No,No,,,no_linkedin_or_careers_page; product_count_unknown_not_shopify_or_blocked,exclude,No
Rotate Birger Christensen,https://rotatebirgerchristensen.com,Clothing,Denmark,2018,Unknown,Yes,Unknown,Unknown,Unknown,Unknown,IG @rotatebirgerchristensen,Unknown,Danish partywear,No,medium,https://rotatebirgerchristensen.com,,not_shopify_or_blocked:404,No,,,,No,No,No,,,no_linkedin_or_careers_page; product_count_unknown_not_shopify_or_blocked,exclude,No
Rotterdam Fashion (Daily Paper),https://dailypaperclothing.com,Clothing,Netherlands,2016,Unknown,Yes,Unknown,Unknown,Unknown,Unknown,IG @dailypaper,Unknown,NL streetwear (incl. women),No,medium,https://dailypaperclothing.com,569,shopify_products.json pages=3,No,,,,No,No,No,,,no_linkedin_or_careers_page,exclude,No
Rouje,https://rouje.com,Clothing,France,2016,Unknown,Yes,Unknown,Unknown,Unknown,Unknown,IG @rouje,Unknown,Jeanne Damas DTC,No,medium,https://rouje.com,,not_shopify_or_blocked:429,No,,,,No,No,No,,,no_linkedin_or_careers_page; product_count_unknown_not_shopify_or_blocked,exclude,No
Rowse,https://rowsebeauty.com,Beauty,Spain,2018,Unknown,Yes,Unknown,Unknown,Unknown,Unknown,IG @rowsebeauty,Unknown,Madrid plant-based skincare,No,medium,https://rowsebeauty.com,,not_shopify_or_blocked:0,No,,,,No,No,No,,,no_linkedin_or_careers_page; product_count_unknown_not_shopify_or_blocked,exclude,No
Runderwear,https://www.runderwear.com,Clothing,UK,2013,Unknown,Yes,Unknown,Unknown,Unknown,Unknown,Instagram @runderwear,Not disclosed,Poole UK; performance underwear,No,medium,https://www.runderwear.com,,not_shopify_or_blocked:429,No,,,,No,No,No,,,no_linkedin_or_careers_page; product_count_unknown_not_shopify_or_blocked,exclude,No
saint sass,https://saintsass.com,Clothing,Germany,2021,15,Yes,No,Yes,Junior Social Media Manager; Ecom Ops internship,https://join.com/companies/saintsass,IG @saintsass,Projected ~$10M (2025 press),Berlin DTC; $4.9M seed reported,Yes,high,https://saintsass.com,167,shopify_products.json pages=1,No,,,,Yes,Yes,Yes,linkedin_employees=15; hiring_manager_on_linkedin=Yes,https://join.com/companies/saintsass,,medium,Yes
Sampla,https://sampla.ie,Shoes,Ireland,2020,Unknown,Yes,Unknown,Unknown,Unknown,Unknown,Instagram @sampla,Unknown,Waterford vegan AppleSkin footwear.,Yes,medium,https://sampla.ie,,not_shopify_or_blocked:429,No,,,,No,No,No,,,no_linkedin_or_careers_page; product_count_unknown_not_shopify_or_blocked,exclude,No
Samsøe Samsøe,https://www.samsoe.com,Clothing,Denmark,1993,Unknown,Yes,Unknown,Unknown,Unknown,Unknown,Unknown,Unknown,Danish (older),No,medium,https://www.samsoe.com,,not_shopify_or_blocked:404,No,,,,No,No,No,,,no_linkedin_or_careers_page; product_count_unknown_not_shopify_or_blocked,exclude,No
Sann Beauty,https://sannbeauty.com,Beauty,UK,2022,1,Unknown,Unknown,Yes,None found,None found,LI company/sann-beauty,Not disclosed,Solid Lip Serum brand,No,high,https://sannbeauty.com,,not_shopify_or_blocked:402,No,,,,Yes,No,Yes,linkedin_employees=1; hiring_manager_on_linkedin=Yes; LI company/sann-beauty,,product_count_unknown_not_shopify_or_blocked,exclude,No
SANTE + WADE,https://santewade.com,Shoes,UK,2019,Unknown,Yes,Unknown,Unknown,Unknown,Unknown,Instagram @santewade,Unknown,Inclusive wide-fit women’s shoes; verify current trading.,Yes,medium,https://santewade.com,,not_shopify_or_blocked:403,No,,,,No,No,No,,,no_linkedin_or_careers_page; product_count_unknown_not_shopify_or_blocked,exclude,No
Sapónne Naturals,https://saponne.com,Beauty,UK,2023,Unknown,Yes,Unknown,Unknown,Unknown,Unknown,Instagram @saponnenaturals,Unknown,British-Filipino science-backed skincare; West London.,Yes,medium,https://saponne.com,,not_shopify_or_blocked:429,No,,,,No,No,No,,,no_linkedin_or_careers_page; product_count_unknown_not_shopify_or_blocked,exclude,No
Saye,https://saye.com,Shoes,Spain,2017,Unknown,Yes,Unknown,Unknown,Unknown,Unknown,IG @saye,Unknown,Spanish sustainable sneakers,No,medium,https://saye.com,,invalid_json,No,,,,No,No,No,,,no_linkedin_or_careers_page; product_count_unknown_not_shopify_or_blocked,exclude,No
Saywood,https://saywood.com,Clothing,UK,2020,Unknown,Unknown,Unknown,Unknown,Unknown,Unknown,Unknown,Unknown,UK sustainable womenswear mention; Founder Harriet Saywood-Bellisario; made in UK,No,low,https://saywood.com,,invalid_json,No,,,,No,No,No,,,no_linkedin_or_careers_page; product_count_unknown_not_shopify_or_blocked,exclude,No
SBTRCT,https://sbtrct.co.uk,Beauty,UK,Unknown,Unknown,Unknown,Unknown,Unknown,Unknown,Unknown,Unknown,Unknown,B Corp solid/waterless skincare,Unknown,medium,https://sbtrct.co.uk,,not_shopify_or_blocked:429,No,,,,No,No,No,,,no_linkedin_or_careers_page; product_count_unknown_not_shopify_or_blocked,exclude,No
Seabody,https://seabody.com,Beauty,Ireland,2021,Unknown,Yes,Unknown,Unknown,Unknown,Unknown,Instagram @seabody,Unknown,Co. Kerry marine biotech skincare.,Yes,medium,https://seabody.com,,invalid_json,No,,,,No,No,No,,,no_linkedin_or_careers_page; product_count_unknown_not_shopify_or_blocked,exclude,No
Seasonly,https://seasonly.fr,Beauty,France,2018,Unknown,Yes,Unknown,Unknown,Unknown,Unknown,Unknown,Unknown,Clean beauty Paris; Sephora,No,medium,https://seasonly.fr,,not_shopify_or_blocked:429,Yes,,,sephora,No,No,No,,,no_linkedin_or_careers_page; physical_store_or_other_retailer_signal; product_count_unknown_not_shopify_or_blocked,exclude,No
SEES,https://sees.fi,Beauty,Finland,2019,Unknown,Partial,Unknown,Unknown,Unknown,Unknown,Unknown,Unknown,Finnish certified Nordic natural cosmetics.,Yes,medium,https://sees.fi,,not_shopify_or_blocked:429,No,,,,No,No,No,,,no_linkedin_or_careers_page; product_count_unknown_not_shopify_or_blocked,exclude,No
Selected Femme,https://www.selected.com,Clothing,Denmark,Unknown,Unknown,Yes,Unknown,Unknown,Unknown,Unknown,Unknown,Unknown,Bestseller Group brand,No,medium,https://www.selected.com,,not_shopify_or_blocked:404,No,,,,No,No,No,,,no_linkedin_or_careers_page; product_count_unknown_not_shopify_or_blocked,exclude,No
Self-Portrait,https://www.self-portrait-studio.com,Clothing,UK,2013,Unknown,Yes,Unknown,Unknown,Unknown,Unknown,Instagram @selfportrait,Not disclosed,Founder Han Chong; London contemporary designer womenswear,No,medium,https://www.self-portrait-studio.com,,not_shopify_or_blocked:404,No,,,,No,No,No,,,no_linkedin_or_careers_page; product_count_unknown_not_shopify_or_blocked,exclude,No
Sense Organics,https://sense-organics.com,Clothing,Germany,Unknown,Unknown,Unknown,Unknown,Unknown,Unknown,Unknown,Unknown,Unknown,German organic fashion,Unknown,low,https://sense-organics.com,,not_shopify_or_blocked:404,No,,,,No,No,No,,,no_linkedin_or_careers_page; product_count_unknown_not_shopify_or_blocked,exclude,No
Seventy Mochi,https://seventymochi.com,Clothing,UK,2020,7,Yes,Unknown,Unknown,Unknown,Unknown,Instagram @seventymochi,Not disclosed,Founder Chloe Dennison; London denim/womenswear,No,medium,https://seventymochi.com,,not_shopify_or_blocked:0,No,,,,Yes,No,Yes,linkedin_employees=7,,product_count_unknown_not_shopify_or_blocked,exclude,No
Shaffay UK,https://shaffay.com,Shoes,UK,Unknown,Unknown,Unknown,Unknown,Unknown,Unknown,Unknown,Unknown,Unknown,Elegant house slippers UK,Unknown,low,https://shaffay.com,,not_shopify_or_blocked:202,No,,,,No,No,No,,,no_linkedin_or_careers_page; product_count_unknown_not_shopify_or_blocked,exclude,No
Sister Jane,https://sisterjane.com,Clothing,UK,Unknown,Unknown,Yes,Unknown,Unknown,Unknown,Unknown,IG @sisterjane,Unknown,UK feminine fashion,Unknown,medium,https://sisterjane.com,,not_shopify_or_blocked:429,No,,,,No,No,No,,,no_linkedin_or_careers_page; product_count_unknown_not_shopify_or_blocked,exclude,No
Sisterly,https://www.sisterly.com,Mixed,Ireland,2020,Unknown,Yes,Unknown,Unknown,Unknown,Unknown,Instagram @sisterly,Unknown,Dublin women’s science-led supplements — wellness adjacent.; Women's multivitamin/beauty-from-within; B Corp claimed on site,No,medium,https://www.sisterly.com,,invalid_json,No,,,,No,No,No,,,no_linkedin_or_careers_page; product_count_unknown_not_shopify_or_blocked,exclude,No
SIX London,https://sixlondon.com,Shoes,UK,Unknown,Unknown,Unknown,Unknown,Unknown,Unknown,Unknown,Unknown,Unknown,Contemporary fashion footwear services/brand,Unknown,low,https://sixlondon.com,,not_shopify_or_blocked:404,No,,,,No,No,No,,,no_linkedin_or_careers_page; product_count_unknown_not_shopify_or_blocked,exclude,No
Skin + Me,https://www.skinandme.com,Beauty,UK,2018,Unknown,Unknown,Unknown,Unknown,Unknown,Unknown,Instagram @skinandme,~£37m (reported),UK personalised prescription skincare DTC — larger than typical indie.; Personalised prescription-strength skincare subscription; British,No,medium,https://www.skinandme.com,,invalid_json,No,,,,No,No,No,,,no_linkedin_or_careers_page; product_count_unknown_not_shopify_or_blocked,exclude,No
Snocks,https://snocks.com,Clothing,Germany,2016,Unknown,Yes,Unknown,Unknown,Unknown,Unknown,Instagram @snocks,~€32M in 2021 (reported),Mannheim DTC basics; acquired Oceans Apart.,No,medium,https://snocks.com,,not_shopify_or_blocked:429,No,,,,No,No,No,,,no_linkedin_or_careers_page; product_count_unknown_not_shopify_or_blocked,exclude,No
So.NAEY,https://sonaey.co.uk,Clothing,UK,2019,Unknown,Unknown,Unknown,Unknown,None found,None found,Unknown,Not disclosed,Founder Sonia Kaur Bamrah; Manchester occasionwear,No,medium,https://sonaey.co.uk,,not_shopify_or_blocked:429,No,,,,No,No,No,,,no_linkedin_or_careers_page; product_count_unknown_not_shopify_or_blocked,exclude,No
Soeur,https://www.soeur.fr,Clothing,France,2007,Unknown,Yes,Unknown,Unknown,Unknown,Unknown,Instagram @soeur_paris,Unknown,French sisters brand; multi-store + ecommerce.,No,medium,https://www.soeur.fr,,not_shopify_or_blocked:429,No,,,,No,No,No,,,no_linkedin_or_careers_page; product_count_unknown_not_shopify_or_blocked,exclude,No
Soft Goat,https://softgoat.com,Clothing,Sweden,Unknown,Unknown,Yes,Unknown,Unknown,Unknown,Unknown,Instagram @softgoat,Unknown,Swedish cashmere/knitwear DTC.,No,medium,https://softgoat.com,,not_shopify_or_blocked:404,No,,,,No,No,No,,,no_linkedin_or_careers_page; product_count_unknown_not_shopify_or_blocked,exclude,No
Soft Rebels,https://softrebels.com,Clothing,Denmark,Unknown,Unknown,Unknown,Unknown,Unknown,Unknown,Unknown,Unknown,Unknown,Danish indie mention,Unknown,low,https://softrebels.com,,invalid_json,No,,,,No,No,No,,,no_linkedin_or_careers_page; product_count_unknown_not_shopify_or_blocked,exclude,No
Solely Original,https://solelyoriginal.com,Shoes,UK,2014,3,Unknown,Unknown,Yes,Unknown,Unknown,Unknown,Unknown,Made-to-measure heels tech,No,medium,https://solelyoriginal.com,,not_shopify_or_blocked:0,No,,,,Yes,No,Yes,linkedin_employees=3; hiring_manager_on_linkedin=Yes,,product_count_unknown_not_shopify_or_blocked,exclude,No
Sophie Park,https://www.sophiepark.co.uk,Shoes,UK,2021,Unknown,Unknown,Unknown,Yes,Unknown,Unknown,Unknown,Unknown,Plant-based footwear LCF/Jimmy Choo Academy; Plant-based/vegan footwear; Jimmy Choo Academy launch; LFW 2022,Partial,medium,https://www.sophiepark.co.uk,,not_shopify_or_blocked:404,Yes,boots,,,Yes,No,Yes,hiring_manager_on_linkedin=Yes,,physical_store_or_other_retailer_signal; product_count_unknown_not_shopify_or_blocked,exclude,No
SoRoe Design,https://soroedesign.ie,Clothing,Ireland,Unknown,Unknown,Yes,Unknown,Unknown,Unknown,Unknown,Unknown,Unknown,Handmade Dublin womenswear; worldwide shipping,Unknown,medium,https://soroedesign.ie,16,shopify_products.json pages=1,No,,,,No,No,No,,,no_linkedin_or_careers_page; product_count_16_not_over_30,exclude,No
SS Daley,https://ssdaley.com,Clothing,UK,2020,Unknown,Unknown,Unknown,Yes,Unknown,Unknown,IG @ssdaley,Unknown,Steven Stokey-Daley,Partial,medium,https://ssdaley.com,72,shopify_products.json pages=1,Yes,galeries lafayette; harrods; harvey nichols; john lewis; net-a-porter; stockists,,,Yes,No,Yes,hiring_manager_on_linkedin=Yes,,physical_store_or_other_retailer_signal,exclude,No
Star Seed,https://starseednatural.com,Beauty,UK,2022,2,Unknown,Unknown,Yes,None found,None found,LI company/starseednatural,Not disclosed,Waterless skincare London; Independent British beauty (C&TH list); verify domain,No,high,https://starseednatural.com,,not_shopify_or_blocked:429,No,,,,Yes,No,Yes,linkedin_employees=2; hiring_manager_on_linkedin=Yes; LI company/starseednatural,,product_count_unknown_not_shopify_or_blocked,exclude,No
Stine Goya,https://stinegoya.com,Clothing,Denmark,2006,Unknown,Yes,Unknown,Unknown,Unknown,Unknown,IG @stinegoya,Unknown,Danish print womenswear,No,medium,https://stinegoya.com,,not_shopify_or_blocked:429,No,,,,No,No,No,,,no_linkedin_or_careers_page; product_count_unknown_not_shopify_or_blocked,exclude,No
STPLE,https://stple.com,Clothing,UK,2024-2025,Unknown,Unknown,Unknown,Unknown,Unknown,Unknown,Unknown,Unknown,Luxury RTW by Hannah Dawson (C&TH),Partial,medium,https://stple.com,,not_shopify_or_blocked:429,No,,,,No,No,No,,,no_linkedin_or_careers_page; product_count_unknown_not_shopify_or_blocked,exclude,No
Studio Amelia,https://studioamelia.com,Mixed,Australia/UK market,2019,Unknown,Yes,Unknown,Unknown,Unknown,Unknown,IG @studioamelia,Unknown,"Footwear-to-RTW; WWW list (AU origin, EU/UK sales)",Partial,medium,https://studioamelia.com,,not_shopify_or_blocked:404,No,,,,No,No,No,,,no_linkedin_or_careers_page; product_count_unknown_not_shopify_or_blocked,exclude,No
Studio Nicholson,https://studionicholson.com,Clothing,UK,2010,Unknown,Yes,Unknown,Unknown,Unknown,Unknown,IG @studionicholson,Unknown,London contemporary (older),No,medium,https://studionicholson.com,,not_shopify_or_blocked:429,No,,,,No,No,No,,,no_linkedin_or_careers_page; product_count_unknown_not_shopify_or_blocked,exclude,No
Studio Sieluisa,https://studiosieluisa.fi,Clothing,Finland,2020,Unknown,Unknown,Unknown,Unknown,Unknown,Unknown,Unknown,Unknown,Finnish dresses; buy/rent/repair; check ops status.,Yes,medium,https://studiosieluisa.fi,,not_shopify_or_blocked:429,No,,,,No,No,No,,,no_linkedin_or_careers_page; product_count_unknown_not_shopify_or_blocked,exclude,No
Susamusa,https://susamusa.com,Clothing,Unknown/EU,2020,4,Yes,Unknown,Yes,Unknown,Unknown,Instagram @susamusa; LinkedIn susamusa,Unknown,WWW Gen Z indie list; Founder Asal Tehrani; stocked at Liberty London,No,low,https://susamusa.com,110,shopify_products.json pages=1,Yes,,,liberty; stocked at,Yes,No,Yes,linkedin_employees=4; hiring_manager_on_linkedin=Yes,,physical_store_or_other_retailer_signal,exclude,No
Suzannah London,https://suzannah.com,Clothing,UK,2000s,Unknown,Unknown,Unknown,Unknown,Unknown,Unknown,Unknown,Unknown,Luxury formalwear (older),No,medium,https://suzannah.com,,not_shopify_or_blocked:429,No,,,,No,No,No,,,no_linkedin_or_careers_page; product_count_unknown_not_shopify_or_blocked,exclude,No
Sézane,https://sezane.com,Clothing,France,2013,Unknown,Yes,Unknown,Unknown,Unknown,Unknown,IG @sezane,Large mature brand,French DTC pioneer,No,medium,https://sezane.com,,not_shopify_or_blocked:403,No,,,,No,No,No,,,no_linkedin_or_careers_page; product_count_unknown_not_shopify_or_blocked,exclude,No
Sān Wellness,https://sanwellness.co,Beauty,UK,2020,Unknown,Unknown,Unknown,Unknown,Unknown,Unknown,Unknown,Unknown,Reckitt Access VC backed,Partial,medium,https://sanwellness.co,,not_shopify_or_blocked:429,No,,,,No,No,No,,,no_linkedin_or_careers_page; product_count_unknown_not_shopify_or_blocked,exclude,No
Taippe,https://taippe.com,Clothing,Ireland,2024,3,Yes,Yes,Unknown,Unknown,Unknown,Unknown,Unknown,"Irish-designed, Portuguese-crafted slow fashion.",Yes,medium,https://taippe.com,49,shopify_products.json pages=1,Yes,stockists,,,Yes,No,Yes,linkedin_employees=3,,physical_store_or_other_retailer_signal,exclude,No
TALA,https://wearetala.com,Clothing,UK,2019,Unknown,Yes,Unknown,Unknown,Unknown,Unknown,IG @wearetala,Significant funding/scale,Sustainable activewear,Partial,medium,https://wearetala.com,,not_shopify_or_blocked:429,No,,,,No,No,No,,,no_linkedin_or_careers_page; product_count_unknown_not_shopify_or_blocked,exclude,No
Talia Byre,https://taliabyre.com,Clothing,UK,Unknown,Unknown,Unknown,Unknown,Unknown,Unknown,Unknown,Unknown,Unknown,Emerging London (WWW),Unknown,low,https://taliabyre.com,,not_shopify_or_blocked:429,No,,,,No,No,No,,,no_linkedin_or_careers_page; product_count_unknown_not_shopify_or_blocked,exclude,No
Teran Conde Paris,https://terancondeparis.com,Clothing,France,Unknown,Unknown,Unknown,Unknown,Unknown,Unknown,Unknown,Unknown,Unknown,Handmade Paris womenswear atelier.,No,medium,https://terancondeparis.com,,not_shopify_or_blocked:400,No,,,,No,No,No,,,no_linkedin_or_careers_page; product_count_unknown_not_shopify_or_blocked,exclude,No
The Fold,https://thefoldlondon.com,Clothing,UK,2011,Unknown,Yes,Unknown,Unknown,Unknown,Unknown,IG @thefoldlondon,Unknown,Workwear womenswear London,No,medium,https://thefoldlondon.com,,not_shopify_or_blocked:404,No,,,,No,No,No,,,no_linkedin_or_careers_page; product_count_unknown_not_shopify_or_blocked,exclude,No
The INKEY List,https://www.theinkeylist.com,Beauty,UK,2018,Unknown,Yes,Unknown,Unknown,Unknown,Unknown,Instagram @theinkeylist,Not disclosed,Founders Colette Laxton & Mark Curry; accessible science skincare,No,medium,https://www.theinkeylist.com,,not_shopify_or_blocked:429,No,,,,No,No,No,,,no_linkedin_or_careers_page; product_count_unknown_not_shopify_or_blocked,exclude,No
The Pastel Roses,https://www.thepastelroses.com,Beauty,UK,2019,Unknown,Yes,Unknown,Unknown,Unknown,Unknown,Instagram @thepastelroses,Unknown,Bradford indie colour cosmetics.,Yes,medium,https://www.thepastelroses.com,,not_shopify_or_blocked:429,No,,,,No,No,No,,,no_linkedin_or_careers_page; product_count_unknown_not_shopify_or_blocked,exclude,No
The Tiny Big Sister,https://thetinybigsister.com,Clothing,Spain,2020,Unknown,Yes,Unknown,Unknown,Unknown,Unknown,Instagram @thetinybigsister,Unknown,Barcelona ethics-focused womenswear.,Yes,medium,https://thetinybigsister.com,,not_shopify_or_blocked:0,No,,,,No,No,No,,,no_linkedin_or_careers_page; product_count_unknown_not_shopify_or_blocked,exclude,No
This is Beauty,https://thisisbeauty.com,Beauty,UK,2020,6,Yes,Unknown,Unknown,Unknown,Unknown,LI company/thisisbeauty,Unknown,Imperfect beauty retailer Oxford,No,medium,https://thisisbeauty.com,5000,shopify_products.json capped_at_5000,No,,,,Yes,No,Yes,linkedin_employees=6; LI company/thisisbeauty,,,medium,Yes
THIS IS SILK,https://thisissilk.com,Beauty,UK,Unknown,Unknown,Unknown,Unknown,Unknown,Unknown,Unknown,Unknown,Not disclosed,British silk beauty/hair accessories; C&TH British beauty lists,No,medium,https://thisissilk.com,,not_shopify_or_blocked:429,No,,,,No,No,No,,,no_linkedin_or_careers_page; product_count_unknown_not_shopify_or_blocked,exclude,No
ThokkThokk,https://thokkthokk.com,Clothing,Germany,Unknown,Unknown,Unknown,Unknown,Unknown,Unknown,Unknown,Unknown,Unknown,German sustainable,Unknown,low,https://thokkthokk.com,,not_shopify_or_blocked:429,No,,,,No,No,No,,,no_linkedin_or_careers_page; product_count_unknown_not_shopify_or_blocked,exclude,No
To Gaia,https://www.togaia.com,Clothing,UK,2022,Unknown,Yes,Unknown,Unknown,Unknown,Unknown,Instagram @togaia,Not disclosed,London conscious womenswear (directory Est. 2022); verify domain,No,medium,https://www.togaia.com,,invalid_json,No,,,,No,No,No,,,no_linkedin_or_careers_page; product_count_unknown_not_shopify_or_blocked,exclude,No
Toast,https://toa.st,Clothing,UK,1997,Unknown,Yes,Unknown,Unknown,Unknown,Unknown,IG @toastdefault,Mature,UK considered clothing (older),No,medium,https://toa.st,,not_shopify_or_blocked:429,No,,,,No,No,No,,,no_linkedin_or_careers_page; product_count_unknown_not_shopify_or_blocked,exclude,No
Tolu Coker,https://tolucoker.com,Clothing,UK,2018,Unknown,Unknown,Unknown,Unknown,Unknown,Unknown,IG @tolucoker,Unknown,CSM graduate label; CSM graduate eponymous label; deadstock/upcycled; London-made,No,medium,https://tolucoker.com,,not_shopify_or_blocked:404,No,,,,No,No,No,,,no_linkedin_or_careers_page; product_count_unknown_not_shopify_or_blocked,exclude,No
Tori Solea,https://torisolea.com,Shoes,UK,Unknown,Unknown,Unknown,Unknown,Yes,Unknown,Unknown,Unknown,Unknown,Inclusive size luxury heels London,Unknown,medium,https://torisolea.com,22,shopify_products.json pages=1,No,,,,Yes,No,Yes,hiring_manager_on_linkedin=Yes,,product_count_22_not_over_30,exclude,No
Tortue UK,https://tortue.uk,Clothing,UK,2022,10,No,Unknown,Yes,None found,None found,IG @tortue.uk; LI company/tortue-uk,Not disclosed,CH 14226750 Active; UK distributor Captain Tortue,Yes,high,https://tortue.uk,100,shopify_products.json pages=1,No,,,,Yes,No,Yes,linkedin_employees=10; hiring_manager_on_linkedin=Yes; LI company/tortue-uk,,,medium,Yes
Totême,https://www.toteme.com,Clothing,Sweden,2014,Unknown,Yes,Unknown,Unknown,Unknown,Unknown,IG @toteme,Unknown,Swedish contemporary womenswear,No,medium,https://www.toteme.com,,not_shopify_or_blocked:429,No,,,,No,No,No,,,no_linkedin_or_careers_page; product_count_unknown_not_shopify_or_blocked,exclude,No
Trigwell Cosmetics,https://trigwellcosmetics.com,Beauty,UK,2020,Unknown,Yes,Unknown,Unknown,Unknown,Unknown,Instagram/TikTok @trigwellcosmetics,Unknown,Wales TikTok viral powder-puff brand.,Yes,medium,https://trigwellcosmetics.com,,not_shopify_or_blocked:429,No,,,,No,No,No,,,no_linkedin_or_careers_page; product_count_unknown_not_shopify_or_blocked,exclude,No
Trinny London,https://trinnylondon.com,Beauty,UK,2017,Unknown,Yes,Unknown,Yes,Unknown,Unknown,Instagram @trinnylondon,Not disclosed,Founder Trinny Woodall; Stackable makeup DTC,No,medium,https://trinnylondon.com,,not_shopify_or_blocked:404,No,,,,Yes,No,Yes,hiring_manager_on_linkedin=Yes,,product_count_unknown_not_shopify_or_blocked,exclude,No
Tropic Skincare,https://tropicskincare.com,Beauty,UK,Unknown,Unknown,Yes,Unknown,Unknown,Unknown,Unknown,Instagram @tropicskincare,Unknown,Surrey Beauty Kitchen brand by Susie Ma; established indie.,No,medium,https://tropicskincare.com,,not_shopify_or_blocked:429,No,,,,No,No,No,,,no_linkedin_or_careers_page; product_count_unknown_not_shopify_or_blocked,exclude,No
Twentytwo Skincare,https://22skincare.com,Beauty,UK,2024,2,Unknown,Unknown,Yes,None found,None found,LI company/twentytwo-skincare,Not disclosed,Certified natural UK skincare,No,high,https://22skincare.com,15,shopify_products.json pages=1,No,,,,Yes,No,Yes,linkedin_employees=2; hiring_manager_on_linkedin=Yes; LI company/twentytwo-skincare,,product_count_15_not_over_30,exclude,No
Typology,https://typology.com,Beauty,France,2018,Unknown,Yes,Unknown,Unknown,Unknown,Unknown,IG @typology,Funded French beauty,Paris clean skincare DTC,No,medium,https://typology.com,,invalid_json,No,,,,No,No,No,,,no_linkedin_or_careers_page; product_count_unknown_not_shopify_or_blocked,exclude,No
Ucon Acrobatics,https://ucon-acrobatics.com,Mixed,Germany,Unknown,Unknown,Yes,Unknown,Unknown,Unknown,Unknown,Unknown,Unknown,Bags/lifestyle Berlin,Unknown,medium,https://ucon-acrobatics.com,,not_shopify_or_blocked:429,No,,,,No,No,No,,,no_linkedin_or_careers_page; product_count_unknown_not_shopify_or_blocked,exclude,No
Unbottled,https://unbottled.co,Beauty,France,2020,Unknown,Yes,Unknown,Unknown,Unknown,Unknown,Unknown,Profitable (founder claim),Solid cosmetics B Corp Paris,Partial,medium,https://unbottled.co,,not_shopify_or_blocked:429,No,,,,No,No,No,,,no_linkedin_or_careers_page; product_count_unknown_not_shopify_or_blocked,exclude,No
Unfabled,https://unfabled.co,Beauty,UK,2021,1-10,Unknown,No (hybrid London),Yes,Growth Manager (hybrid Paddington),Unknown,IG/TikTok Unfabled,Not disclosed; $3.7M funding reported,CH 13148686 Active,Partial,high,https://unfabled.co,359,shopify_products.json pages=2,Yes,stockist; store locator,store locator,,Yes,No,Yes,linkedin_employees=1-10; hiring_manager_on_linkedin=Yes,,physical_store_or_other_retailer_signal,exclude,No
UpCircle,https://upcirclebeauty.com,Beauty,UK,2015,Unknown,Yes,Unknown,Yes,Unknown,Unknown,IG @upcirclebeauty,Unknown,B Corp upcycled beauty; Founders Anna & Will Brightman; B Corp; Dragons Den; London,No,medium,https://upcirclebeauty.com,133,shopify_products.json pages=1,Yes,stockist; stockists; store locator,store locator,,Yes,No,Yes,hiring_manager_on_linkedin=Yes,,physical_store_or_other_retailer_signal,exclude,No
Vagabond,https://vagabond.com,Shoes,Sweden,1965,Unknown,Yes,Unknown,Unknown,Unknown,Unknown,IG @vagabondshoes,Mature,Swedish footwear (older),No,medium,https://vagabond.com,,not_shopify_or_blocked:404,No,,,,No,No,No,,,no_linkedin_or_careers_page; product_count_unknown_not_shopify_or_blocked,exclude,No
Vatter,https://vatter.de,Clothing,Germany,Unknown,Unknown,Unknown,Unknown,Unknown,Unknown,Unknown,Unknown,Unknown,German sustainable,Unknown,low,https://vatter.de,,not_shopify_or_blocked:404,No,,,,No,No,No,,,no_linkedin_or_careers_page; product_count_unknown_not_shopify_or_blocked,exclude,No
VATTER Fashion,https://www.vatter-fashion.com,Clothing,Germany,Unknown,Unknown,Unknown,Unknown,Unknown,Unknown,Unknown,Unknown,Unknown,Munich sustainable underwear,Unknown,medium,https://www.vatter-fashion.com,142,shopify_products.json pages=1,No,,,,No,No,No,,,no_linkedin_or_careers_page,exclude,No
VE Cosmetics,https://vecosmetics.co.uk,Beauty,UK,2015,Unknown,Unknown,Unknown,Unknown,None found,None found,Unknown,Not disclosed,UK vegan alternative makeup by Lynsey; PETA approved,No,medium,https://vecosmetics.co.uk,,not_shopify_or_blocked:0,No,,,,No,No,No,,,no_linkedin_or_careers_page; product_count_unknown_not_shopify_or_blocked,exclude,No
Vero Moda,https://www.veromoda.com,Clothing,Denmark,1987,Unknown,Yes,Unknown,Unknown,Unknown,Unknown,Unknown,Unknown,Large (older) — completeness,No,medium,https://www.veromoda.com,,not_shopify_or_blocked:404,No,,,,No,No,No,,,no_linkedin_or_careers_page; product_count_unknown_not_shopify_or_blocked,exclude,No
Verso Skincare,https://versoskincare.com,Beauty,Sweden,Unknown,Unknown,Yes,Unknown,Unknown,Unknown,Unknown,Instagram @versoskincare,Unknown,Swedish retinoid-focused skincare.,No,medium,https://versoskincare.com,,not_shopify_or_blocked:429,No,,,,No,No,No,,,no_linkedin_or_careers_page; product_count_unknown_not_shopify_or_blocked,exclude,No
Vila,https://www.vila.com,Clothing,Denmark,Unknown,Unknown,Yes,Unknown,Unknown,Unknown,Unknown,Unknown,Unknown,Bestseller Group,No,medium,https://www.vila.com,,not_shopify_or_blocked:404,No,,,,No,No,No,,,no_linkedin_or_careers_page; product_count_unknown_not_shopify_or_blocked,exclude,No
Viva La Gentil,https://vivalagentil.com,Beauty,UK,2020,Unknown,Yes,Unknown,Unknown,Unknown,Unknown,Instagram @vivalagentil,Unknown,UK makeup tools brand.,Yes,medium,https://vivalagentil.com,,not_shopify_or_blocked:429,No,,,,No,No,No,,,no_linkedin_or_careers_page; product_count_unknown_not_shopify_or_blocked,exclude,No
Vivaia,https://vivaia.com,Shoes,US/Global (EU sales),2020,Unknown,Yes,Unknown,Unknown,Unknown,Unknown,IG @vivaia,Unknown,Sustainable knit shoes; EU shipping,Partial,medium,https://vivaia.com,,not_shopify_or_blocked:403,No,,,,No,No,No,,,no_linkedin_or_careers_page; product_count_unknown_not_shopify_or_blocked,exclude,No
Vivien Joy,https://vivienjoy.de,Clothing,Germany,Unknown,Unknown,Partial,Unknown,Unknown,Unknown,Unknown,Unknown,Unknown,Sustainable womenswear near Karlsruhe.,No,medium,https://vivienjoy.de,,not_shopify_or_blocked:429,No,,,,No,No,No,,,no_linkedin_or_careers_page; product_count_unknown_not_shopify_or_blocked,exclude,No
Votary,https://votary.co.uk,Beauty,UK,Unknown,Unknown,Yes,Unknown,Unknown,Unknown,Unknown,Instagram @votary,Not disclosed,British indie botanical skincare (C&TH independent list),No,medium,https://votary.co.uk,,not_shopify_or_blocked:429,No,,,,No,No,No,,,no_linkedin_or_careers_page; product_count_unknown_not_shopify_or_blocked,exclude,No
W1P Studios,https://w1pstudios.com,Clothing,Germany,2022,Unknown,Unknown,Unknown,Unknown,Unknown,Unknown,Unknown,Unknown,Berlin slow-fashion; on-demand/inclusive.,Yes,medium,https://w1pstudios.com,,not_shopify_or_blocked:404,No,,,,No,No,No,,,no_linkedin_or_careers_page; product_count_unknown_not_shopify_or_blocked,exclude,No
WANDERDOLL,https://wanderdoll.com,Clothing,UK,2019,Unknown,Yes,Unknown,Unknown,None found,None found,Unknown,Not disclosed,Wander Doll Ltd; Companies House 11879974; Greater Manchester,No,medium,https://wanderdoll.com,,not_shopify_or_blocked:0,No,,,,No,No,No,,,no_linkedin_or_careers_page; product_count_unknown_not_shopify_or_blocked,exclude,No
Weartwo,https://weartwo.co.uk,Clothing,UK,2022,Under 10,Unknown,Unknown,Yes,None found,None found,IG @weartwo_london,Not disclosed,CH 14207765 Active,Partial,high,https://weartwo.co.uk,68,shopify_products.json pages=1,No,,,,Yes,No,Yes,linkedin_employees=Under 10; hiring_manager_on_linkedin=Yes,,,medium,Yes
Wellicious,https://wellicious.com,Clothing,Germany,Unknown,Unknown,Unknown,Unknown,Unknown,Unknown,Unknown,Unknown,Unknown,German yoga/wellness wear,Unknown,low,https://wellicious.com,,not_shopify_or_blocked:429,No,,,,No,No,No,,,no_linkedin_or_careers_page; product_count_unknown_not_shopify_or_blocked,exclude,No
Whistles,https://www.whistles.com,Clothing,UK,1976,Unknown,Yes,Unknown,Unknown,Unknown,Unknown,Unknown,Unknown,UK high street (older/larger),No,medium,https://www.whistles.com,,not_shopify_or_blocked:404,No,,,,No,No,No,,,no_linkedin_or_careers_page; product_count_unknown_not_shopify_or_blocked,exclude,No
White Rabbit Skincare,https://whiterabbitskincare.com,Beauty,UK,Unknown,Unknown,Unknown,Unknown,Unknown,Unknown,Unknown,Unknown,Not disclosed,Scotland-based indie sensitive skincare,No,medium,https://whiterabbitskincare.com,,not_shopify_or_blocked:404,No,,,,No,No,No,,,no_linkedin_or_careers_page; product_count_unknown_not_shopify_or_blocked,exclude,No
Widerry,https://widerry.com,Shoes,UK,2021,Unknown,Partial,Unknown,Unknown,Unknown,Unknown,Unknown,Unknown,Wide-fit women shoes; made Spain,Partial,medium,https://widerry.com,,not_shopify_or_blocked:429,No,,,,No,No,No,,,no_linkedin_or_careers_page; product_count_unknown_not_shopify_or_blocked,exclude,No
WILDA,https://wilda.beauty,Beauty,Spain,Unknown,Unknown,Unknown,Unknown,Unknown,Unknown,Unknown,Unknown,Unknown,Spanish vegan/eco makeup.,No,medium,https://wilda.beauty,,not_shopify_or_blocked:500,No,,,,No,No,No,,,no_linkedin_or_careers_page; product_count_unknown_not_shopify_or_blocked,exclude,No
Wildling Shoes,https://www.wildling.shoes,Shoes,Germany,2015,Unknown,Yes,Unknown,Unknown,Unknown,Unknown,Unknown,Unknown,German barefoot-style footwear,No,medium,https://www.wildling.shoes,207,shopify_products.json pages=1,No,,,,No,No,No,,,no_linkedin_or_careers_page,exclude,No
Will's Vegan Store,https://www.wills-vegan-store.com,Shoes,UK,Unknown,Unknown,Yes,Unknown,Unknown,Unknown,Unknown,Instagram @willsveganstore,Unknown,UK vegan footwear including women’s wide-fit.,No,medium,https://www.wills-vegan-store.com,,not_shopify_or_blocked:429,No,,,,No,No,No,,,no_linkedin_or_careers_page; product_count_unknown_not_shopify_or_blocked,exclude,No
Willa Phoenix,https://willaphoenix.com,Shoes,UK,2021,Unknown,Yes,Unknown,Unknown,Unknown,Unknown,Instagram @willaphoenix,Unknown,London luxury vegan women’s shoes; made Italy.,Yes,medium,https://willaphoenix.com,,not_shopify_or_blocked:500,No,,,,No,No,No,,,no_linkedin_or_careers_page; product_count_unknown_not_shopify_or_blocked,exclude,No
Willow & Wolf,https://willowandwolf.co.uk,Clothing,UK,Unknown,Unknown,Unknown,Unknown,Yes,Unknown,Unknown,Unknown,Unknown,Isabella Wookey; Drapers 2023,Unknown,low,https://willowandwolf.co.uk,,not_shopify_or_blocked:404,No,,,,Yes,No,Yes,hiring_manager_on_linkedin=Yes,,product_count_unknown_not_shopify_or_blocked,exclude,No
Winnoh,https://winnoh.com,Shoes,UK,2022,Unknown,Unknown,Unknown,Unknown,Unknown,Unknown,Unknown,Unknown,UK design / Portugal craft (TechRound),Partial,medium,https://winnoh.com,,not_shopify_or_blocked:0,No,,,,No,No,No,,,no_linkedin_or_careers_page; product_count_unknown_not_shopify_or_blocked,exclude,No
With Nothing Underneath,https://withnothingunderneath.com,Clothing,UK,2015,Unknown,Yes,Unknown,Unknown,Unknown,Unknown,IG @withnothingunderneath,Unknown,UK shirt specialist; British shirt specialist; ELLE UK recommended,No,medium,https://withnothingunderneath.com,,not_shopify_or_blocked:404,No,,,,No,No,No,,,no_linkedin_or_careers_page; product_count_unknown_not_shopify_or_blocked,exclude,No
WMNSWEAR,https://wmnswear.com,Clothing,UK,Unknown,Unknown,Unknown,Unknown,Unknown,Unknown,Unknown,Unknown,Unknown,London trend-led brand,Unknown,low,https://wmnswear.com,,not_shopify_or_blocked:429,No,,,,No,No,No,,,no_linkedin_or_careers_page; product_count_unknown_not_shopify_or_blocked,exclude,No
Xanthe Anna,https://xantheanna.uk,Shoes,UK,2021,Unknown,Unknown,Unknown,Unknown,None found,None found,Unknown,Not disclosed,Welsh independent sheepskin boots/slippers; made to order,No,medium,https://xantheanna.uk,,not_shopify_or_blocked:404,Yes,,,boots,No,No,No,,,no_linkedin_or_careers_page; physical_store_or_other_retailer_signal; product_count_unknown_not_shopify_or_blocked,exclude,No
Y.A.S,https://www.yas.com,Clothing,Denmark,Unknown,Unknown,Yes,Unknown,Unknown,Unknown,Unknown,Unknown,Unknown,Bestseller Group women,No,medium,https://www.yas.com,,not_shopify_or_blocked:0,No,,,,No,No,No,,,no_linkedin_or_careers_page; product_count_unknown_not_shopify_or_blocked,exclude,No
Yendy Skin,https://www.yendyskin.com,Beauty,UK,2021,Unknown,Unknown,Unknown,Unknown,None found,None found,Instagram @yendyskin; TikTok @yendyskin,Not disclosed,Founder Julian Boaitey; Ghanaian heritage skincare; verify domain,No,medium,https://www.yendyskin.com,,not_shopify_or_blocked:429,No,,,,No,No,No,,,no_linkedin_or_careers_page; product_count_unknown_not_shopify_or_blocked,exclude,No
Yepoda,https://yepoda.com,Beauty,Germany,2020,Unknown,Yes,Unknown,Unknown,Unknown,Unknown,IG @yepoda,Series A (JamJar),Berlin K-beauty DTC,Partial,medium,https://yepoda.com,,not_shopify_or_blocked:429,No,,,,No,No,No,,,no_linkedin_or_careers_page; product_count_unknown_not_shopify_or_blocked,exclude,No
YOU LOOK PERFECT,https://www.youlookperfect.at,Clothing,Austria,2017,Unknown,Partial,Unknown,Unknown,Unknown,Unknown,Unknown,Unknown,Austrian sustainable knitted loungewear.,No,medium,https://www.youlookperfect.at,56,shopify_products.json pages=1,No,,,,No,No,No,,,no_linkedin_or_careers_page,exclude,No
Your KAYA,https://yourkaya.pl,Beauty,Poland,2017,~40,Partial,Unknown,Unknown,Unknown,Unknown,Instagram @yourkaya,Unknown,Warsaw DTC intimate care/skincare.,No,medium,https://yourkaya.pl,250,shopify_products.json capped_at_5000,No,,,,Yes,No,Yes,linkedin_employees=~40,,,medium,Yes
Ysé,https://www.yse-paris.com,Clothing,France,Unknown,Unknown,Partial,Unknown,Unknown,Unknown,Unknown,Instagram @yse,Unknown,French lingerie/swimwear.,No,medium,https://www.yse-paris.com,,not_shopify_or_blocked:404,No,,,,No,No,No,,,no_linkedin_or_careers_page; product_count_unknown_not_shopify_or_blocked,exclude,No
Zodiaque Studios,https://zodiaquestudios.com,Clothing,Germany,2022,Unknown,Unknown,Unknown,Unknown,Unknown,Unknown,Unknown,Unknown,Berlin silk underwear/loungewear; store in Berlin.,Yes,medium,https://zodiaquestudios.com,,not_shopify_or_blocked:429,No,,,,No,No,No,,,no_linkedin_or_careers_page; product_count_unknown_not_shopify_or_blocked,exclude,No
Âme Antwerp,https://ame-antwerp.com,Clothing,Belgium,Unknown,Unknown,Unknown,Unknown,Unknown,Unknown,Unknown,Unknown,Unknown,Belgian women’s RTW Antwerp.,No,medium,https://ame-antwerp.com,,not_shopify_or_blocked:429,No,,,,No,No,No,,,no_linkedin_or_careers_page; product_count_unknown_not_shopify_or_blocked,exclude,No
